lesson_no,question_no,type,question,correct_letters,correct_answers,option_a,option_b,option_c,option_d
"1","1","single","Lợi ích nào sau đây không phải là lợi ích của thương mại điện tử đối với người tiêu dùng?","B","Đảm bảo chất lượng sản phẩm tốt hơn.","Tiết kiệm thời gian và chi phí mua sắm.","Đảm bảo chất lượng sản phẩm tốt hơn.","Tiếp cận sản phẩm đa dạng, phong phú.","So sánh giá cả dễ dàng hơn."
"1","2","single","Yếu tố nào sau đây không phải là một phần của quá trình mua hàng trực tuyến?","B","Thanh toán bằng tiền mặt","Tìm kiếm sản phẩm.","Thanh toán bằng tiền mặt","So sánh giá cả.","Đặt hàng"
"1","3","single","So với mô hình B2C, mô hình C2C có ưu điểm nổi bật nào?","D","Tính cá nhân hóa cao hơn.","Chất lượng sản phẩm đồng đều hơn.","Quy mô kinh doanh lớn hơn.","Chi phí vận hành thấp hơn","Tính cá nhân hóa cao hơn."
"1","4","single","Tại sao các doanh nghiệp truyền thống thường gặp khó khăn khi chuyển đổi sang mô hình kinh doanh trực tuyến?","D","Tất cả các yếu tố đều đúng.","Sức cạnh tranh từ các đối thủ trực tuyến quá lớn.","Không có kinh nghiệm về công nghệ.","Thiếu vốn đầu tư.","Tất cả các yếu tố đều đúng."
"1","5","single","Khái niệm ""cá nhân hóa"" trong thương mại điện tử có ý nghĩa gì?","C","Cung cấp sản phẩm, dịch vụ phù hợp với nhu cầu và sở thích của từng khách hàng.","Tùy chỉnh giao diện website cho từng khách hàng.","Cung cấp sản phẩm, dịch vụ giống nhau cho tất cả khách hàng.","Cung cấp sản phẩm, dịch vụ phù hợp với nhu cầu và sở thích của từng khách hàng.","Thu thập thông tin cá nhân của khách hàng."
"1","6","single","Theo bạn, mô hình kinh doanh nào sau đây phù hợp nhất cho việc bán các sản phẩm thủ công mỹ nghệ?","D","C2C","B2G","B2C","B2B","C2C"
"1","7","single","Thương mại điện tử giúp người tiêu dùng như thế nào?","A","Mua sắm dễ dàng và tiện lợi hơn.","Mua sắm dễ dàng và tiện lợi hơn.","Giảm sự lựa chọn sản phẩm.","Giảm cơ hội tiếp cận thông tin sản phẩm.","Tăng chi phí mua sắm."
"1","8","single","Một trong các lợi ích của TMĐT đối với người tiêu dùng là khả năng mua hàng theo yêu cầu riêng biệt. Điều này có ý nghĩa gì?","B","Người tiêu dùng có thể đặt hàng theo các yêu cầu riêng của mình mà không phải trả thêm chi phí cao","Người tiêu dùng không thể thay đổi yêu cầu của mình sau khi đặt hàng","Người tiêu dùng có thể đặt hàng theo các yêu cầu riêng của mình mà không phải trả thêm chi phí cao","Người tiêu dùng không thể tùy chọn sản phẩm theo yêu cầu riêng","Người tiêu dùng chỉ có thể mua hàng từ các nhà cung cấp trong nước"
"1","9","single","Trở ngại nào dưới đây không phải là vấn đề công nghệ đối với TMĐT?","D","Thiếu niềm tin vào TMĐT","Thiếu cơ sở hạ tầng mạng.","Thiếu các tiêu chuẩn an ninh","Thiếu các phần mềm hỗ trợ TMĐT","Thiếu niềm tin vào TMĐT"
"1","10","single","Tại sao thương mại điện tử giúp giảm chi phí cho doanh nghiệp?","B","Tất cả các đáp án đều đúng.","Giảm chi phí in ấn, giấy tờ.","Tất cả các đáp án đều đúng.","Giảm chi phí quản lý kho hàng.","Giảm chi phí thuê mặt bằng."
"1","11","single","Ưu điểm lớn nhất của thương mại điện tử đối với người tiêu dùng là gì?","C","Mua sắm mọi lúc mọi nơi.","Không phải lựa chọn sản phẩm.","So sánh giá dễ dàng.","Mua sắm mọi lúc mọi nơi.","Tiếp cận nhiều sản phẩm hơn."
"1","12","single","Một trong những trở ngại lớn nhất của thương mại điện tử là gì?","D","An ninh mạng.","Thiếu hụt nguồn nhân lực.","Chi phí vận hành cao.","Thiếu chính sách pháp lý rõ ràng.","An ninh mạng."
"1","13","single","Tại sao nhiều người vẫn e ngại khi mua sắm trực tuyến?","B","Sợ bị lừa đảo.","Không muốn chờ đợi giao hàng.","Sợ bị lừa đảo.","Lo ngại về chất lượng sản phẩm.","Khó kiểm soát thông tin cá nhân."
"1","14","single","Thương mại điện tử có những hình thức nào?","A","Tất cả các đáp án đều đúng","Tất cả các đáp án đều đúng","B2B, B2C, C2C, B2G, C2G.","B2B, B2C, C2C, B2G, C2G, B2E","B2B, B2C, C2C."
"1","15","single","Để thành công trong kinh doanh trực tuyến, doanh nghiệp cần tập trung vào yếu tố nào?","C","Tất cả đều đúng","Marketing hiệu quả.","Dịch vụ khách hàng tốt.","Tất cả đều đúng","Sản phẩm chất lượng."
"1","16","single","Thương mại điện tử ảnh hưởng đến doanh nghiệp như thế nào?","C","Tất cả đều đúng","Tăng cường cạnh tranh.","Mở rộng thị trường.","Tất cả đều đúng","Giảm chi phí hoạt động."
"1","17","single","Để phân tích sự thành công của một doanh nghiệp thương mại điện tử, nên xem xét các yếu tố nào sau đây?","B","Tất cả đều đúng","Chiến lược marketing, mô hình kinh doanh, công nghệ, dịch vụ khách hàng.","Tất cả đều đúng","Chiến lược marketing, mô hình kinh doanh, công nghệ, dịch vụ khách hàng. Quy mô vốn, số lượng nhân viên, thị phần.","Chất lượng sản phẩm, giá cả cạnh tranh, hình thức thanh toán."
"1","18","single","Tại sao việc bảo vệ quyền sở hữu trí tuệ lại quan trọng trong thương mại điện tử?","B","Tất cả các đáp án đều đúng.","Đảm bảo tính minh bạch của thị trường.","Tất cả các đáp án đều đúng.","Ngăn chặn hàng giả, hàng nhái.","Bảo vệ lợi ích của các doanh nghiệp."
"1","20","single","Thương mại điện tử có tác động gì đến xã hội?","C","Nâng cao chất lượng cuộc sống.","Giảm cơ hội việc làm.","Tăng ô nhiễm môi trường.","Nâng cao chất lượng cuộc sống.","Giảm khả năng tiếp cận thông tin."
"1","21","single","Lý do gì khiến TMĐT vẫn phát triển mặc dù có những trở ngại nhất định?","D","Các lợi ích của TMĐT vượt trội hơn so với các trở ngại","TMĐT không phát triển mạnh","Chỉ có một số ít người tham gia TMĐT","TMĐT không có trở ngại nào","Các lợi ích của TMĐT vượt trội hơn so với các trở ngại"
"1","22","single","Để khắc phục vấn đề an ninh trong thương mại điện tử, doanh nghiệp cần làm gì?","C","Sử dụng các hệ thống mã hóa dữ liệu.","Giáo dục người dùng về an toàn thông tin.","Tăng cường kiểm tra nhân viên.","Sử dụng các hệ thống mã hóa dữ liệu.","Xây dựng chính sách bảo mật thông tin."
"1","23","single","Tại sao các doanh nghiệp nhỏ và vừa lại có cơ hội phát triển trong môi trường thương mại điện tử?","C","Chi phí tiếp cận thị trường thấp hơn.","Khả năng mở rộng quy mô nhanh chóng.","Linh hoạt thay đổi chiến lược.","Chi phí tiếp cận thị trường thấp hơn.","Dễ dàng cạnh tranh với các doanh nghiệp lớn."
"1","24","single","Mô hình thương mại điện tử B2C có nghĩa là gì?","C","Doanh nghiệp bán hàng cho người tiêu dùng.","Doanh nghiệp bán hàng cho doanh nghiệp khác.","Người tiêu dùng bán hàng cho người tiêu dùng khác.","Doanh nghiệp bán hàng cho người tiêu dùng.","Người tiêu dùng bán hàng cho doanh nghiệp."
"1","25","single","Hãy xác định khái niệm đúng về thương mại điện tử?","C","Tất cả các đáp án đều đúng.","Mua bán hàng hóa, dịch vụ thông qua các nền tảng trực tuyến.","Toàn bộ các hoạt động kinh doanh được tiến hành bằng các phương tiện điện tử.","Tất cả các đáp án đều đúng.","Việc sử dụng công nghệ thông tin để thực hiện các giao dịch thương mại."
"1","26","single","Yếu tố nào quan trọng nhất để thúc đẩy sự phát triển của thương mại điện tử ở Việt Nam?","D","Hạ tầng công nghệ thông tin được cải thiện.","Khả năng cạnh tranh của các doanh nghiệp nội địa.","Chính sách hỗ trợ từ nhà nước.","Sự tăng trưởng của tầng lớp người tiêu dùng trẻ.","Hạ tầng công nghệ thông tin được cải thiện."
"1","27","single","Yếu tố nào sau đây không phải là đặc điểm của thương mại điện tử?","D","Tính ổn định cao.","Tính linh hoạt.","Tính toàn cầu.","Tính tương tác cao.","Tính ổn định cao."
"1","28","single","Yếu tố nào sau đây được xem là quan trọng nhất để một doanh nghiệp thành công trong kinh doanh thương mại điện tử?","D","Trải nghiệm khách hàng tốt.","Chi phí marketing thấp.","Sản phẩm đa dạng và độc đáo.","Hệ thống thanh toán an toàn.","Trải nghiệm khách hàng tốt."
"1","29","single","Lợi ích lớn nhất mà thương mại điện tử mang lại cho doanh nghiệp là gì?","D","Mở rộng thị trường.","Giảm chi phí vận hành.","Xây dựng hình ảnh thương hiệu.","Tăng cường tương tác với khách hàng.","Mở rộng thị trường."
"1","30","single","Việc cá nhân hóa trong thương mại điện tử có ý nghĩa như thế nào?","C","(1) (2) đều đúng","(1) (2) đều sai","Tăng doanh thu cho doanh nghiệp. (2)","(1) (2) đều đúng","Tăng trải nghiệm mua sâm cho khách hàng. (1)"
"2","1","single","Giả sử bạn là một doanh nghiệp kinh doanh trực tuyến, bạn sẽ áp dụng các quy định pháp luật nào để đảm bảo rằng các giao dịch của bạn trên môi trường mạng là hợp pháp và an toàn?","A","Áp dụng Luật Thương mại, Luật Giao dịch điện tử, và bảo mật dữ liệu số để đảm bảo an toàn và tính pháp lý của các giao dịch","Áp dụng Luật Thương mại, Luật Giao dịch điện tử, và bảo mật dữ liệu số để đảm bảo an toàn và tính pháp lý của các giao dịch","Cung cấp dịch vụ chăm sóc khách hàng và bỏ qua các yêu cầu pháp lý","Đảm bảo các giao dịch chỉ thực hiện qua điện thoại","Chỉ áp dụng các quy định về thuế và bảo vệ người tiêu dùng"
"2","2","single","Một trong những yếu tố cơ sở hạ tầng quan trọng giúp TMĐT phát triển là gì?","A","Hệ thống mạng internet và thanh toán điện tử","Hệ thống mạng internet và thanh toán điện tử","Quản lý tài chính quốc gia.","Các cửa hàng vật lý truyền thống","Sự phát triển của ngành nông nghiệp"
"2","3","single","Tại sao cơ sở hạ tầng vật chất và kỹ thuật lại quan trọng đối với TMĐT?","C","Vì nó đảm bảo việc thực hiện các giao dịch TMĐT diễn ra nhanh chóng và hiệu quả","Vì nó chỉ hỗ trợ các dịch vụ khách hàng trực tuyến","Vì nó giúp tăng cường hoạt động marketing cho doanh nghiệp","Vì nó đảm bảo việc thực hiện các giao dịch TMĐT diễn ra nhanh chóng và hiệu quả","Vì nó giảm chi phí sản xuất cho doanh nghiệp"
"2","4","single","Chữ ký điện tử trong giao dịch điện tử có giá trị pháp lý tương đương với chữ ký tay trong điều kiện nào?","A","Khi có sự xác thực từ cơ quan nhà nước có thẩm quyền","Khi có sự xác thực từ cơ quan nhà nước có thẩm quyền","Khi được sử dụng trong các giao dịch tài chính","Khi người ký chứng thực giao dịch.","Khi người ký chấp nhận các điều khoản của giao dịch"
"2","5","single","Tại sao bảo mật dữ liệu lại quan trọng trong thương mại điện tử?","D","Đảm bảo an toàn cho thông tin cá nhân và ngăn chặn gian lận","Đảm bảo tốc độ truyền tải thông tin","Tăng số lượng người tiêu dùng tham gia vào các giao dịch","Giảm thiểu chi phí trong giao dịch","Đảm bảo an toàn cho thông tin cá nhân và ngăn chặn gian lận"
"2","6","single","Việc bảo vệ quyền sở hữu trí tuệ trong thương mại điện tử giúp ngăn chặn hành vi nào?","A","Sao chép nội dung và giả mạo thương hiệu","Sao chép nội dung và giả mạo thương hiệu","Tăng số lượng sản phẩm bán ra","Tăng lượng người dùng tham gia vào sàn giao dịch","Tăng cường các chương trình khuyến mãi trực tuyến"
"2","7","single","Quy định pháp luật về chữ ký điện tử và bảo mật dữ liệu số tại Việt Nam đã được quy định trong văn bản nào?","D","Luật Giao dịch điện tử và Nghị định 130/2018/NĐ-CP","Luật Sở hữu trí tuệ","Nghị định 52/2013/NĐ-CP","Luật Thương mại","Luật Giao dịch điện tử và Nghị định 130/2018/NĐ-CP"
"2","8","single","Yếu tố nào sau đây KHÔNG thuộc cơ sở hạ tầng kinh tế - xã hội của thương mại điện tử?","A","Nguồn nhân lực nông nghiệp.","Nguồn nhân lực nông nghiệp.","Hệ thống thanh toán điện tử.","Cơ sở vật chất kho bãi hiện đại.","Hệ thống giao thông vận tải."
"2","9","single","Kết cấu hạ tầng kỹ thuật trong TMĐT bao gồm các hệ thống nào?","D","Các hệ thống đường xá, cảng đường thủy, và mạng lưới điện","Các công cụ quản lý thông tin","Các phần mềm điện toán","Chỉ các hệ thống viễn thông","Các hệ thống đường xá, cảng đường thủy, và mạng lưới điện"
"2","10","single","Trong Thương mại điện tử, ứng dụng nào sau đây giúp người dùng gửi thông điệp điện tử giữa các hệ thống, phục vụ cho việc trao đổi thông tin trong giao dịch?","D","Thông điệp điện tử","Mạng thông tin toàn cầu (WWW)","Truyền/nhận tập tin","Trình duyệt Web","Thông điệp điện tử"
"2","11","single","Đâu là đáp án đúng về đặc điểm của phần mềm ứng dụng trong TMĐT?","C","Thường có chi phí thấp và dễ dàng triển khai cho các cửa hàng trực tuyến nhỏ.","Được sử dụng cho các doanh nghiệp lớn với lượng giao dịch cao.","Cung cấp đầy đủ các công cụ quản lý tồn kho và kế hoạch hóa nguồn lực.","Thường có chi phí thấp và dễ dàng triển khai cho các cửa hàng trực tuyến nhỏ.","Được thiết kế chủ yếu để phục vụ cho các hệ thống B2B."
"2","12","single","Giả sử bạn đang xây dựng một cửa hàng trực tuyến cho doanh nghiệp vừa và nhỏ. Doanh nghiệp này dự kiến sẽ có từ 50 đến 100 mặt hàng và giao dịch hàng ngày khá thường xuyên. Dựa vào yêu cầu của doanh nghiệp, bạn sẽ chọn phần mềm TMĐT nào dưới đây và lý do tại sao?","D","Phần mềm TMĐT cỡ trung vì cung cấp nhiều tính năng tùy chỉnh và khả năng xử lý giao dịch tốt.","Phần mềm TMĐT cỡ lớn vì có khả năng xử lý giao dịch quy mô lớn và tích hợp nhiều hệ thống phức tạp.","Phần mềm TMĐT cơ bản vì chi phí thấp và dễ triển khai.","Sử dụng phần mềm TMĐT miễn phí, không cần đăng ký để tiết kiệm chi phí.","Phần mềm TMĐT cỡ trung vì cung cấp nhiều tính năng tùy chỉnh và khả năng xử lý giao dịch tốt."
"2","13","single","Một trong các yếu tố ảnh hưởng đến TMĐT là gì?","D","Thiếu sự phát triển của các dịch vụ internet","Hệ thống pháp lý không rõ ràng","Hệ thống giao thông vận tải phát triển","Không có các dịch vụ chăm sóc khách hàng","Thiếu sự phát triển của các dịch vụ internet"
"2","14","single","Hạ tầng pháp luật trong thương mại điện tử có vai trò gì?","B","Tạo ra môi trường kinh doanh ổn định và bảo vệ quyền lợi của các bên tham gia","Đảm bảo rằng các sản phẩm bán qua Internet đều miễn thuế","Tạo ra môi trường kinh doanh ổn định và bảo vệ quyền lợi của các bên tham gia","Giới hạn sự phát triển của các sàn thương mại điện tử","Xác định các yếu tố về chiến lược marketing cho doanh nghiệp"
"2","15","single","Việc bảo vệ quyền sở hữu trí tuệ trong TMĐT có tác dụng gì đối với người tiêu dùng?","A","Tăng cường niềm tin vào sản phẩm chính hãng và đảm bảo chất lượng","Tăng cường niềm tin vào sản phẩm chính hãng và đảm bảo chất lượng","Giảm giá thành sản phẩm","Hạn chế sự đổi mới trong các giao dịch","Giới hạn sự phát triển của các sản phẩm sáng tạo"
"2","16","single","Một đặc điểm nổi bật của cơ sở hạ tầng pháp luật thương mại điện tử là gì?","C","Đảm bảo môi trường kinh doanh trực tuyến minh bạch và an toàn.","Đảm bảo tốc độ xử lý giao dịch nhanh chóng.","Hỗ trợ giảm chi phí vận hành cho doanh nghiệp.","Đảm bảo môi trường kinh doanh trực tuyến minh bạch và an toàn.","Tăng khả năng tiếp cận khách hàng toàn cầu."
"2","17","single","Khi một doanh nghiệp quyết định sử dụng phần mềm TMĐT để xây dựng cửa hàng trực tuyến, yếu tố nào sau đây ảnh hưởng nhiều đến quyết định lựa chọn phần mềm?","C","Ngân sách của doanh nghiệp và quy mô cửa hàng trực tuyến.","Số lượng nhân viên cần tuyển dụng.","Các hệ thống phần mềm không liên quan đến thương mại điện tử.","Ngân sách của doanh nghiệp và quy mô cửa hàng trực tuyến.","Mô hình kinh doanh offline của doanh nghiệp."
"2","18","single","Một trong những yêu cầu tối thiểu mà phần mềm TMĐT cần có để hoạt động hiệu quả là:","A","Trưng bày catalog sản phẩm, tính năng giỏ mua hàng và xử lý giao dịch.","Trưng bày catalog sản phẩm, tính năng giỏ mua hàng và xử lý giao dịch.","Tính năng quản lý nhân sự cho cửa hàng trực tuyến.","Quản lý tất cả các giao dịch tài chính trong doanh nghiệp.","Hệ thống quản lý bán hàng ngoại tuyến."
"2","19","single","Kết cấu hạ tầng kỹ thuật CNTT-TT cho thương mại điện tử bao gồm những yếu tố nào sau đây?","A","Bao gồm các mạng truyền thông, máy tính, cơ sở dữ liệu và các dịch vụ liên quan.","Bao gồm các mạng truyền thông, máy tính, cơ sở dữ liệu và các dịch vụ liên quan.","Chỉ bao gồm các máy tính và phần mềm.","Chỉ bao gồm các mạng truyền thông.","Chỉ bao gồm mạng Internet."
"2","20","single","Hạ tầng kinh tế - xã hội của TMĐT bao gồm các yếu tố nào?","C","Các yếu tố kinh tế và xã hội hỗ trợ môi trường phát triển TMĐT","Các yếu tố chỉ liên quan đến doanh nghiệp","Chỉ có yếu tố kinh tế","Các yếu tố kinh tế và xã hội hỗ trợ môi trường phát triển TMĐT","Các yếu tố chỉ liên quan đến chính phủ"
"2","21","single","Theo Anh/chị, vai trò của chính phủ trong việc tạo lập môi trường kinh tế - xã hội cho TMĐT là gì?","A","Xây dựng chiến lược và ban hành chính sách hợp lý để hỗ trợ TMĐT","Xây dựng chiến lược và ban hành chính sách hợp lý để hỗ trợ TMĐT","Giới hạn các dịch vụ TMĐT","Tăng cường các hoạt động bán hàng tại các cửa hàng vật lý","Chỉ tập trung vào quảng cáo sản phẩm cho doanh nghiệp"
"2","22","single","Chức năng của chữ ký điện tử trong giao dịch điện tử là gì?","B","Xác thực tính toàn vẹn của thông điệp và xác định người ký","Thay thế các hình thức thanh toán trực tuyến","Xác thực tính toàn vẹn của thông điệp và xác định người ký","Đảm bảo tính bảo mật của sản phẩm trong giao dịch","Giúp khách hàng mua hàng trực tuyến"
"2","23","single","Đặc trưng nào sau đây không phải của cơ sở hạ tầng kỹ thuật cho thương mại điện tử?","A","Dễ dàng thay thế các thành phần","Dễ dàng thay thế các thành phần","Chi phí đầu tư ban đầu cao","Có thời gian tồn tại lâu dài","Có tính phụ thuộc lẫn nhau giữa các thành phần"
"2","24","single","Tại sao các doanh nghiệp cần tuân thủ các quy định về sở hữu trí tuệ trong TMDT?","A","Để ngăn chặn các hành vi sao chép, giả mạo và bảo vệ quyền lợi của doanh nghiệp","Để ngăn chặn các hành vi sao chép, giả mạo và bảo vệ quyền lợi của doanh nghiệp","Để giảm thiểu các chi phí quảng cáo","Để tăng nhanh số lượng sản phẩm trên thị trường","Để giảm chi phí sản xuất sản phẩm"
"2","25","single","Cơ sở hạ tầng kinh tế - xã hội phải đáp ứng điều kiện gì để đảm bảo TMDT phát triển?","D","Cung cấp hệ thống giao thông vận tải, kho bãi hiện đại, và thanh toán điện tử an toàn","Phải có các dịch vụ chăm sóc khách hàng miễn phí","Phải có các cửa hàng vật lý lớn","Chỉ có hệ thống vận chuyển tốt","Cung cấp hệ thống giao thông vận tải, kho bãi hiện đại, và thanh toán điện tử an toàn"
"2","26","single","Hạ tầng pháp luật giúp đảm bảo môi trường kinh doanh ổn định trong TMDT bằng cách nào?","D","Cung cấp các quy định về bảo vệ quyền lợi người tiêu dùng và ngăn chặn gian lận","Giới hạn các mô hình khinh doanh trực tuyến","Đẩm bảo rằng tất cả các doanh nghiệp bán hàng quan Internet đều phải thu thuế","Chỉ bảo vệ quyền lợi của các nhà cung cấp","Cung cấp các quy định về bảo vệ quyền lợi người tiêu dùng và ngăn chặn gian lận"
"2","27","single","Cơ sở hạ tầng vật chất, kỹ thuật trong TMĐT bao gồm yếu tố nào?","C","Hệ thống giao thông vận tải, cơ sở vật chất kho bãi, và thanh toán điện tử","Chỉ có dịch vụ chăm sóc khách hàng","Chỉ có hệ thống máy tính","Hệ thống giao thông vận tải, cơ sở vật chất kho bãi, và thanh toán điện tử","Quản lý tài chính của các công ty"
"2","28","single","Cơ sở hạ tầng nào đóng vai trò quan trọng nhất trong thương mại điện tử?","A","Mạng internet và hệ thống máy chủ","Mạng internet và hệ thống máy chủ","Hệ thống giao thông vận tải","Kênh truyền thông xã hội","Hệ thống cửa hàng truyền thống"
"2","29","single","Đâu là tầm quan trọng của an toàn và bảo mật trong TMDT?","B","Tất cả các đáp án đều đúng","Bảo vệ lợi ích kinh doanh","Tất cả các đáp án đều đúng","Bảo vệ thông tin khách hàng","Ngăn chặn gian lận"
"2","30","single","Hệ thống bảo mật nào sau đây thường được sử dụng trong thương mại điện tử để bảo vệ thông tin khách hàng?","A","SSL/TLS (Chứng chỉ bảo mật)","SSL/TLS (Chứng chỉ bảo mật)","Hệ thống điểm thưởng khách hàng thân thiết","Phần mềm quản lý kho hàng","Quảng cáo hiển thị (Display Ads)"
"3","1","single","Yếu tố nào sau đây thể hiện tính kết nối của thị trường điện tử?","C","Kết nối người mua và người bán trên phạm vi toàn cầu thông qua internet.","Kết nối trực tiếp giữa người mua và người bản thông qua giao dịch mặt đối mặt.","Kết nối khách hàng với các trung tâm thương mại qua giao dịch truyền thống.","Kết nối người mua và người bán trên phạm vi toàn cầu thông qua internet.","Kết nối người tiêu dùng với cửa hàng bán lẻ trong khu vực địa lý cụ thể."
"3","2","single","Thị trường điện tử khác biệt thị trường truyền thống ở điểm nào?","D","Hoạt động trên nền tảng trực tuyến và phi tập trung.","Chi phí giao dịch cao hơn.","Phụ thuộc vào địa điểm cố định.","Giao dịch chỉ trong giờ hành chính.","Hoạt động trên nền tảng trực tuyến và phi tập trung."
"3","3","single","Đặc điểm ""tính tức thời"" của thị trường điện tử mang lại lợi ích gì?","C","Cho phép giao dịch nhanh chóng và thuận tiện.","Tăng chi phí vận hành.","Giới hạn thời gian mua sắm.","Cho phép giao dịch nhanh chóng và thuận tiện.","Giảm khả năng mở rộng thị trường."
"3","4","single","Người bán trong thị trường điện tử được xác định là?","A","Các cá nhân hoặc tổ chức cung cấp sản phẩm/dịch vụ trực tuyến.","Các cá nhân hoặc tổ chức cung cấp sản phẩm/dịch vụ trực tuyến.","Các trung tâm thương mại lớn.","Các công ty logistics.","Các siêu thị vật lý."
"3","5","single","Vai trò của các bên trung gian trong thị trường điện tử là gì?","D","Hỗ trợ giao dịch giữa người mua và người bán","Đảm bảo sản phẩm được phân phối nội địa","Cung cấp dịch vụ logistics độc quyền.","Là người bán chính trong thị trường.","Hỗ trợ giao dịch giữa người mua và người bán"
"3","6","single","Công nghệ Big Data hỗ trợ TMĐT bằng cách nào?","D","Phân tích hành vi người dùng và tối ưu hóa chiến lược kinh doanh.","Giảm số lượng giao dịch.","Hạn chế khả năng mở rộng.","Tăng chi phí quản lý dữ liệu.","Phân tích hành vi người dùng và tối ưu hóa chiến lược kinh doanh."
"3","7","single","Nền tảng nào tập trung vào phân khúc C2C?","C","Shopee.","VNPost.","Amazon.","Shopee.","DHL."
"3","8","single","Dịch vụ nào sau đây cung cấp giao hàng nhanh trong ngày?","B","TikiNOW.","Shopee Mall.","TikiNOW.","VNPost Standard.","Giao Hàng Chậm."
"3","9","single","Phương pháp nào sau đây là một dạng nghiên cứu sơ cấp?","B","Khảo sát trực tuyến.","Sử dụng báo cáo thị trường.","Khảo sát trực tuyến.","Sử dụng dữ liệu thống kê chính phủ.","Phân tích từ dữ liệu công bố."
"3","10","single","Công cụ nào không dùng để phân tích hành vì người dùng trực tuyến?","B","Báo cáo thị trường.","CRM.","Báo cáo thị trường.","Google Analytics.","Big Data."
"3","11","single","Tại sao nghiên cứu sơ cấp thường tốn kém hơn nghiên cứu thứ cấp?","B","Vì cần tổ chức khảo sát hoặc phỏng vấn trực tiếp.","Vì không thể sử dụng dữ liệu sẵn có.","Vì cần tổ chức khảo sát hoặc phỏng vấn trực tiếp.","Vì phải mua báo cáo thị trường.","Vì khó thu thập thông tin."
"3","12","single","Google Analytics giúp gì trong việc nghiên cứu thị trường?","D","Theo dõi hành vi người dùng trên website.","Thu thập dữ liệu từ báo cáo thị trường.","Lưu trữ dữ liệu khách hàng.","Quản lý giao nhận hàng hóa.","Theo dõi hành vi người dùng trên website."
"3","13","single","Cá nhân hóa trải nghiệm người dùng dựa trên phân tích nào?","C","Hành vi trực tuyến của khách hàng.","Phân tích đối thủ cạnh tranh.","Báo cáo từ tổ chức nghiên cứu.","Hành vi trực tuyến của khách hàng.","Thống kê của chính phủ"
"3","14","single","Doanh nghiệp của bạn muốn mở rộng sang thị trường quốc tế, hãy chọn một phương pháp nghiên cứu phù hợp nhất:","D","Nghiên cứu thứ cấp.","Phân tích hành vi khách hàng nội địa.","Nghiên cứu sơ cấp.","Sử dụng mô hình logistic mới.","Nghiên cứu thứ cấp."
"3","15","single","Hãy chọn nền tảng TMĐT phù hợp nhất để kinh doanh hàng handmade","D","Shopee.","Lazada.","Tiki.","Amazon.","Shopee."
"3","16","single","Tại sao Logistics lại quan trọng trong thương mại điện tử?","D","Đảm bảo giao nhận hàng hóa hiệu quả và đúng hạn","Đẩy mạnh chi phí vận chuyển quốc tế.","Giảm trải nghiệm khách hàng.","Hạn chế khả năng tiếp cận thị trường.","Đảm bảo giao nhận hàng hóa hiệu quả và đúng hạn"
"3","17","single","Mô hình logistics ""Last-Mile Delivery"" được thiết kế để làm gì?","B","Chuyển hàng hóa từ kho đến tay khách hàng.","Tích hợp các dịch vụ thanh toán.","Chuyển hàng hóa từ kho đến tay khách hàng.","Giảm chi phí vận hành.","Quản lý chuỗi cung ứng toàn cầu."
"3","18","single","Nghiên cứu thứ cấp phù hợp với tình huống nào?","C","Doanh nghiệp cần dữ liệu tổng quan về ngành.","Đánh giá sản phẩm mới.","Muốn thu thập dữ liệu cá nhân hóa.","Doanh nghiệp cần dữ liệu tổng quan về ngành.","Cần phản hồi từ khách hàng mục tiêu."
"3","19","single","Điểm yếu lớn nhất của thị trường điện tử là gì?","A","Phụ thuộc vào internet và công nghệ","Phụ thuộc vào internet và công nghệ","Không khả thi về chi phí","Phạm vi giới hạn","Không có tính minh bạch"
"3","20","single","Tại sao thị trường thương mại điện tử có tính minh bạch cao hơn so với thị trường truyền thống?","C","Vì thông tin giá cả và đánh giá sản phẩm công khai","Vì giao dịch không cầ sử dụng internet","Vì người bán kiểm soát thông tin tốt hơn","Vì thông tin giá cả và đánh giá sản phẩm công khai","Vì không có đánh giá từ khách hàng"
"3","21","single","Nền tảng nào sau đây không phải là nền tảng thương mại điện tử?","C","Giao hàng nhanh","Shopee","Tiki","Giao hàng nhanh","Lazada"
"3","22","single","Vai trò chính của hệ thống thanh toán điện tử là gì?","A","Đảm bảo giao dịch nhanh chóng và an toàn","Đảm bảo giao dịch nhanh chóng và an toàn","Cung cấp thông tin về sản phẩm","Phân phối sản phẩm","Hỗ trợ lưu trữ hàng hóa"
"3","23","single","Nghiên cứu sơ cấp thông tin gì?","A","Dữ liệu cập nhật và chính xác từ thị trường mục tiêu","Dữ liệu cập nhật và chính xác từ thị trường mục tiêu","Dữ liệu lịch sử và khái quát","Thống kê từ tổ chức chính phủ","Thông tin từ các nhà nghiên cứu học thuật"
"3","24","single","Ưu điểm lớn nhất của nghiên cứu sơ cấp là gì?","B","Cung cấp dữ liệu sát với thị trường hiện tại","Tiết kiệm chi phí nghiên cứu","Cung cấp dữ liệu sát với thị trường hiện tại","Không cần tổ chức khảo sát","Sử dụng thông tin tổng quát"
"3","25","single","CRM giúp doanh nghiệp như thế nào trong nghiên cứu thị trường?","C","Phân tích thông tin khách hàng để đưa ra chiến lược cá nhân hóa","Tăng tốc độ giao hàng","Quản lý chuỗi cung ứng toàn cầu","Phân tích thông tin khách hàng để đưa ra chiến lược cá nhân hóa","Giảm chi phí quảng cáo"
"3","26","single","Đặc điểm nào sau đây giúp thị trường điện tử tối ưu hóa chi phí?","D","Sử dụng công nghệ số hiện đại.","Sử dụng nhiều địa điểm giao dịch.","Phụ thuộc vào giấy tờ thủ công.","Đòi hỏi đội ngũ nhân viên đông đảo.","Sử dụng công nghệ số hiện đại."
"3","27","single","Một trong những đặc điểm của thị trường điện tử là:","B","Giao dịch 24/7 và không bị giới hạn bởi thời gian.","Chỉ giao dịch trong giờ hành chính.","Giao dịch 24/7 và không bị giới hạn bởi thời gian.","Hạn chế trong phạm vi địa lý.","Giao dịch qua trung gian vật lý."
"3","28","single","Nền tảng nào sau đây không phải là nền tảng TMĐT?","D","Giao Hàng Nhanh","Lazada.","Tiki.","Shopee.","Giao Hàng Nhanh"
"3","29","single","Thị trường điện từ là gì?","B","Một nền tảng trực tuyến nơi hàng hóa và dịch vụ được mua bán thông qua internet","Nơi diễn ra các giao dịch thương mại trực tiếp giữa người mua và người bán","Một nền tảng trực tuyến nơi hàng hóa và dịch vụ được mua bán thông qua internet","Một trung tâm thương mại truyền thống nhưng có ứng dụng công nghệ","Hệ thống cửa hàng vật lý kết hợp với website bán hàng"
"3","30","single","Yếu tố nào quan trọng nhất để một thị trường điện tử phát triển bền vững?","B","Hệ thống bảo mật và niềm tin của khách hàng","Số lượng người bán tham gia","Hệ thống bảo mật và niềm tin của khách hàng","Chi phí vận hành thấp","Số lượng quảng cáo hiển thị trên nền tảng"
"4","1","single","Khái niệm kế hoạch kinh doanh trong TMĐT là gì?","D","Một bản mô tả các yếu tố kinh doanh và vai trò của chúng","Một phương pháp quản lý nguồn lực","Một hệ thống các quy trình nội bộ","Một kế hoạch tài chính của doanh nghiệp","Một bản mô tả các yếu tố kinh doanh và vai trò của chúng"
"4","2","single","Mục tiêu chính của kế hoạch kinh doanh là gì?","B","Đáp ứng nhu cầu của khách hàng và tạo ra giá trị","Tăng cường hợp tác quốc tế","Đáp ứng nhu cầu của khách hàng và tạo ra giá trị","Tăng trưởng doanh số bán hàng","Giảm thiểu chi phí vận hành"
"4","3","single","Kế hoạch kinh doanh có liên quan chặt chẽ nhất đến yếu tố nào sau đây?","C","Mục tiêu giá trị và doanh thu","Kế hoạch tài chính","Chiến lược marketing","Mục tiêu giá trị và doanh thu","Phương thức bán hàng"
"4","4","single","Mục tiêu của kế hoạch kinh doanh TMĐT là gì?","C","Liên kết mục tiêu dự án với chiến lược kinh doanh tổng thể","Mở rộng quy mô sản xuất","Giảm chi phí đầu tư","Liên kết mục tiêu dự án với chiến lược kinh doanh tổng thể","Hỗ trợ tuyển dụng nhân viên giỏi"
"4","5","single","Tại sao lập kế hoạch kinh doanh được coi là bước quan trọng nhất trong TMĐT?","B","Vì nó đảm bảo tính khả thi và bền vững của dự án","Vì nó thúc đẩy hoạt động kinh doanh quốc tế","Vì nó đảm bảo tính khả thi và bền vững của dự án","Vì nó hỗ trợ xây dựng đội ngũ nhân sự mạnh","Vì nó tăng cường năng lực cạnh tranh nội bộ"
"4","6","single","Điểm khác biệt chính của kế hoạch kinh doanh TMĐT so với truyền thống là gì?","D","Xây dựng các chiến lược kinh doanh, chiến dịch Marketing trên nền tảng số.","Có nhiều nhân viên hơn.","Sử dụng các công cụ marketing truyền thống","Có khả năng xác định nhóm khách hàng mục tiêu.","Xây dựng các chiến lược kinh doanh, chiến dịch Marketing trên nền tảng số."
"4","7","single","Mô hình doanh thu nào sau đây thuộc TMĐT?","B","Mô hình doanh thu quảng cáo","Mô hình doanh thu từ lợi nhuận tái đầu tư","Mô hình doanh thu quảng cáo","Mô hình doanh thu từ khoản vay ngân hàng","Không có đáp án đúng"
"4","8","single","Câu hỏi then chốt khi xác định nhân tố ""Lợi thế cạnh tranh"" trong kế hoạch kinh doanh là gì?","A","Sản phẩm nào mang lại giá trị cá biệt hóa?","Sản phẩm nào mang lại giá trị cá biệt hóa?","Doanh nghiệp cần bao nhiêu vốn đầu tư?","Đội ngũ nhân sự của doanh nghiệp gồm bao nhiêu người?","Thị trường cần bao nhiêu thời gian để thâm nhập?"
"4","9","single","Tại sao mục tiêu giá trị là yếu tố cốt lõi của kế hoạch kinh doanh?","D","Vì nó định nghĩa rõ ràng lý do khách hàng lựa chọn doanh nghiệp","Vì nó tăng cường khả năng quản lý tài chính","Vì nó tạo ra nguồn thu nhập chính cho doanh nghiệp","Vì nó nâng cao uy tín doanh nghiệp trên thị trường quốc tế","Vì nó định nghĩa rõ ràng lý do khách hàng lựa chọn doanh nghiệp"
"4","10","single","Mô hình doanh thu quảng cáo mang lại lợi ích gì cho doanh nghiệp?","C","Thu phí từ các đối tác quảng cáo trên nền tảng trực tuyến","Tăng doanh thu từ việc bán hàng trực tiếp","Đáp ứng nhu cầu cá biệt hóa sản phẩm của khách hàng","Thu phí từ các đối tác quảng cáo trên nền tảng trực tuyến","Tăng chi phí quản lý nội bộ"
"4","11","single","Tại sao môi trường cạnh tranh là một yếu tố quan trọng trong TMĐT?","B","Vì nó xác định vị trí doanh nghiệp trên thị trường","Vì nó giúp doanh nghiệp tối ưu hóa chi phí sản xuất","Vì nó xác định vị trí doanh nghiệp trên thị trường","Vì nó giúp dự đoán nhu cầu của khách hàng tiềm năng","Vì nó tăng khả năng huy động vốn từ bên ngoài"
"4","12","single","Điều gì tạo nên một kế hoạch kinh doanh hiệu quả trong TMĐT?","C","Phối hợp các yếu tố thị trường và chiến lược doanh thu","Tăng cường năng lực quản lý đội ngũ nhân sự","Hạn chế tối đa các khoản đầu tư ban đầu","Phối hợp các yếu tố thị trường và chiến lược doanh thu","Tăng cường hợp tác với các cơ quan chính phủ"
"4","13","single","Tại sao mục tiêu giá trị là yếu tố cốt lõi trong việc xây dựng kế hoạch kinh doanh?","A","Vì nó xác định cụ thể lý do vì sao khách hàng chọn sản phẩm/dịch vụ của doanh nghiệp","Vì nó xác định cụ thể lý do vì sao khách hàng chọn sản phẩm/dịch vụ của doanh nghiệp","Vì nó giúp tối ưu hóa các quy trình nội bộ của doanh nghiệp","Vì nó xác định cách doanh nghiệp thâm nhập thị trường mới","Vì nó giảm chi phí quản lý nhân sự"
"4","14","single","Làm thế nào doanh nghiệp có thể tạo lợi thế cạnh tranh lâu dài trên thị trường?","D","Bằng cách phát triển các yếu tố không thể sao chép, như bằng sáng chế hoặc nhãn hiệu độc quyền","Bằng cách hợp tác với đối thủ để chia sẻ lợi nhuận","Bằng cách giảm giá sản phẩm liên tục","Bằng cách tăng số lượng sản phẩm bán ra trong ngắn hạn","Bằng cách phát triển các yếu tố không thể sao chép, như bằng sáng chế hoặc nhãn hiệu độc quyền"
"4","15","single","Giả sử trong tương lai Anh/chị là nhà quản trị doanh nghiệp TMĐT, Anh/chị sẽ xây dựng kế hoạch kinh doanh như thế nào để tối ưu hóa lợi nhuận?","D","Áp dụng mô hình bán hàng kết hợp quảng cáo trực tuyến, tích hợp các công cụ như chatbot, Al trong quá trình bán hàng và chăm sóc khách hàng sau mua.","Tăng giá bán sản phẩm trên các nền tảng trực tuyến, tìm kiếm những nguồn hàng rẻ nhất để bán với giá tối ưu nhất.","Hạn chế đầu tư vào dịch vụ khách hàng và cá nhân hoá vì quá tốn kém.","Giảm chi phí vận chuyển bằng cách hợp tác với các công ty logistics giá rẻ","Áp dụng mô hình bán hàng kết hợp quảng cáo trực tuyến, tích hợp các công cụ như chatbot, Al trong quá trình bán hàng và chăm sóc khách hàng sau mua."
"4","16","single","Nhân tố Mục tiêu giá trị của doanh nghiệp trong kế hoạch kinh doanh là gì?","A","Đáp ứng nhu cầu khách hàng và tạo ra sự khác biệt","Đáp ứng nhu cầu khách hàng và tạo ra sự khác biệt","Tìm hiểu đối thủ cạnh tranh","Tăng cường khả năng tiếp cận thị trường","Phân khúc khách hàng"
"4","17","single","Một trong các bước lập kế hoạch kinh doanh TMĐT là gì?","C","Tính toán lợi ích và chi phí dự án TMĐT","Tìm kiếm khách hàng tiềm năng","Xây dựng quy trình vận hành nhân sự","Tính toán lợi ích và chi phí dự án TMĐT","Đánh giá chất lượng sản phẩm"
"4","18","single","Làm thế nào để kế hoạch doanh thu góp phần vào sự thành công của doanh nghiệp?","B","Tối ưu hóa các nguồn thu nhập và lợi nhuận từ các hoạt động kinh doanh","Giúp doanh nghiệp phân tích hành vi đối thủ","Tối ưu hóa các nguồn thu nhập và lợi nhuận từ các hoạt động kinh doanh","Đưa ra các phương án quảng cáo trực tuyến Nâng cao khả năng vận hành hệ thống công nghệ","Nâng cao khả năng vận hành hệ thống công nghệ"
"4","19","single","Hãy xác định câu hỏi then chốt khi phân tích yếu tố Cơ hội thị trường?","D","Thị trường mà doanh nghiệp phục vụ là gì?","Đối thủ cạnh tranh chính của doanh nghiệp là ai?","Tại sao khách hàng lựa chọn doanh nghiệp?","Kế hoạch phát triển đội ngũ nhân sự là gì?","Thị trường mà doanh nghiệp phục vụ là gì?"
"4","20","single","Kế hoạch kinh doanh có vai trò gì trong việc xác định lợi thế cạnh tranh của doanh nghiệp?","A","Tạo ra sự khác biệt về giá trị và dịch vụ so với đối thủ","Tạo ra sự khác biệt về giá trị và dịch vụ so với đối thủ","Đưa ra các quyết định đầu tư","Giúp tăng cường sự trung thành của khách hàng","Tăng cường hiệu quả quản lý nội bộ doanh nghiệp"
"4","21","single","Khi một doanh nghiệp phát triển chiến lược thị trường, yếu tố quan trọng cần xem xét là gì?","D","Đưa sản phẩm/dịch vụ đến đúng khách hàng tiềm năng","Tăng cường hợp tác với các nhà cung cấp dịch vụ vận chuyển","Phân tích mức giá của các đối thủ cạnh tranh","Xây dựng đội ngũ nhân sự chuyên môn cao","Đưa sản phẩm/dịch vụ đến đúng khách hàng tiềm năng"
"4","22","single","Đối thủ cạnh tranh gián tiếp là ai?","D","Các doanh nghiệp hoạt động trên các lĩnh vực khác nhưng có sự cạnh tranh về lợi ích của khách hàng","Các nhà đầu tư tài chính cho các doanh nghiệp khác","Các nhà cung cấp nguyên liệu cho doanh nghiệp","Các doanh nghiệp kinh doanh sản phẩm/dịch vụ tương tự","Các doanh nghiệp hoạt động trên các lĩnh vực khác nhưng có sự cạnh tranh về lợi ích của khách hàng"
"4","23","single","Làm thế nào để doanh nghiệp xác định được cơ hội thị trường?","A","Phân tích nhu cầu khách hàng và tiềm năng tài chính","Phân tích nhu cầu khách hàng và tiềm năng tài chính","So sánh chi phí sản xuất giữa các ngành","Đo lường lợi nhuận từ các sản phẩm truyền thống","Tìm kiếm đối thủ cạnh tranh gián tiếp"
"4","24","single","Yếu tố nào trong mô hình kinh doanh giúp doanh nghiệp đánh giá được quy mô và tiềm năng tài chính của thị trường?","C","Cơ hội thị trường","Đội ngũ quản trị","Lợi thế cạnh tranh","Cơ hội thị trường","Chiến lược thị trường"
"4","25","single","Anh/chị hãy cho biết câu hỏi then chốt: ""Doanh nghiệp sẽ kiếm tiền như thế nào?"" là để xác định yếu tố nào trong xây dựng kế hoạch kinh doanh?","D","Mô hình doanh thu","Mục tiêu giá trị","Cơ hội thị trường","Chiến lược tổ chức","Mô hình doanh thu"
"4","26","single","Vai trò của kế hoạch kinh doanh trong TMĐT là gì?","B","Quyết định tính khả thi và bền vững của dự án","Đảm bảo sự vận hành hiệu quả của doanh nghiệp","Quyết định tính khả thi và bền vững của dự án","Duy trì sự ổn định tài chính","Tối ưu hóa nguồn nhân lực"
"4","27","single","Theo Timmers (1999), mô hình kinh doanh là gì?","C","Một kiến trúc cho dòng hàng hóa, dịch vụ và thông tin","Một chiến lược quản trị tài nguyên","Một phương thức mở rộng thị trường quốc tế","Một kiến trúc cho dòng hàng hóa, dịch vụ và thông tin","Một kế hoạch quản lý nhân sự"
"4","28","single","Yếu tố nào trong mô hình kinh doanh giúp doanh nghiệp cách thu hút khách hàng?","B","Chiến lược thị trường","Mô hình doanh thu","Chiến lược thị trường","Lợi thế cạnh tranh","Cơ hội thị trường"
"4","29","single","Yếu tố nào sau đây không phải là nhân tố cơ bản trong kế hoạch kinh doanh?","D","Chọn địa điểm du lịch","Nghiên cứu thị trường","Phân tích cạnh tranh","Kế hoạch tài chính","Chọn địa điểm du lịch"
"4","30","single","Kế hoạch kinh doanh cần bao gồm các yếu tố nào để đảm bảo tính khả thi và thành công?","A","Chiến lược sản phẩm, kế hoạch tài chính, và phân tích cạnh tranh","Chiến lược sản phẩm, kế hoạch tài chính, và phân tích cạnh tranh","Tầm nhìn cá nhân, kế hoạch tài chính, và sở thích cá nhân","Chiến lược marketing, lựa chọn nghề nghiệp, và nghiên cứu thị trường","Lựa chọn địa điểm làm việc, tầm nhìn cá nhân, và phân tích cạnh tranh"
"5","1","single","Tính chuyên nghiệp trong B2B được thể hiện qua điều gì?","A","Cung cấp thông tin chi tiết về sản phẩm và dịch vụ","Cung cấp thông tin chi tiết về sản phẩm và dịch vụ","Mối quan hệ tạm thời giữa doanh nghiệp","Bán hàng qua đại lý trung gian","Giao dịch ngắn hạn và không ràng buộc"
"5","2","single","Vì sao mối quan hệ đối tác chiến lược quan trọng trong mô hình B2B?","A","Đảm bảo sự ổn định trong sản xuất, cung cấp và phân phối sản phẩm","Đảm bảo sự ổn định trong sản xuất, cung cấp và phân phối sản phẩm","Thay đổi nhanh chiến lược khách hàng","Giúp tăng chi phí vận hành","Tạo ra giao dịch nhanh chóng, tạm thời"
"5","3","single","Doanh nghiệp Stars là nhà cung cấp linh kiện điện tử cho các công ty sản xuất. Để duy trì mối quan hệ lâu dài và tăng hiệu quả kinh doanh, doanh nghiệp Stars cần làm gì?","B","Xây dựng mối quan hệ đối tác chiến lược và đảm bảo chất lượng sản phẩm","Chỉ tập trung vào khách hàng nhỏ lẻ","Xây dựng mối quan hệ đối tác chiến lược và đảm bảo chất lượng sản phẩm","Giảm giá bán sản phẩm bất chấp lợi nhuận","Hạn chế đầu tư vào chuỗi cung ứng"
"5","4","single","B2C là viết tắt bởi cụm từ nào dưới đây:","A","Business To Consumer","Business To Consumer","Business To Corporation","Buyer To Customer","Buyer To Consumer"
"5","5","single","Mô hình B2C giúp doanh nghiệp tiếp cận khách hàng thông qua phương tiện nào?","B","Internet","Giao tiếp trực tiếp","Internet","Điện thoại cố định","Hội chợ triển lãm"
"5","6","single","Mô hình B2C có đặc điểm nào sau đây?","A","Nhà cung cấp thường là doanh nghiệp nhỏ hoặc lớn","Nhà cung cấp thường là doanh nghiệp nhỏ hoặc lớn","Người mua và người bán luôn tiếp xúc trực tiếp","Chu kỳ bán hàng dài và phức tạp","Tăng chi phí thuê mặt bằng"
"5","7","single","Trong mô hình B2C, yêu to quan trọng nhất để giữ chân khách hàng là gì?","B","Cung cấp dịch vụ khách hàng và chăm sóc khách hàng tốt","Giá bán rẻ nhất","Cung cấp dịch vụ khách hàng và chăm sóc khách hàng tốt","Giảm chất lượng dịch vụ","Giao hàng chậm"
"5","8","single","Điểm khác biệt giữa mô hình B2C và bán hàng truyền thống là gì?","D","Giao dịch qua internet","Chỉ doanh nghiệp lớn mới tham gia được","Không cần tư vấn khách hàng","Khách hàng phải gặp mặt trực tiếp","Giao dịch qua internet"
"5","9","single","Doanh nghiệp X là nhà cung cấp các sản phẩm thời trang cho nhóm khách hàng tiêu dùng cá nhân. Để thu hút khách hàng tiềm năng trên các sàn thương mại điện tử và mở rộng thị trường, doanh nghiệp X cần làm gì?","A","Xây dựng kênh bán hàng trực tuyến và chăm sóc khách hàng tốt","Xây dựng kênh bán hàng trực tuyến và chăm sóc khách hàng tốt","Giảm thiểu chăm sóc khách hàng vì tốn kém","Giảm sự tương tác với khách hàng","Chỉ tập trung vào bán hàng truyền thống"
"5","10","single","Mô hình kinh doanh B2C nào cho phép bán hàng trực tiếp từ nhà sản xuất đến khách hàng?","C","Nhà sản xuất trực tiếp","Nhà bán lẻ hỗn hợp","Nhà cung cấp dịch vụ","Nhà sản xuất trực tiếp","Cổng thông tin"
"5","11","single","Đâu là ví dụ về mô hình người bán hàng ảo (e-tailer)?","C","Tất cả đều đúng","Lazada","Zalo OA","Tất cả đều đúng","Shopee"
"5","12","single","Mục đích chính của mô hình nhà trung gian giao dịch là gì?","D","Kết nối người mua và người bán","Bán sản phẩm trực tiếp","Quản lý thông tin doanh nghiệp","Sản xuất hàng hóa","Kết nối người mua và người bán"
"5","13","single","Điểm nổi bật của nhà cung cấp cộng đồng trong B2C là gì?","C","Tạo môi trường để những người có cùng sở thích trao đổi","Tập trung vào sản xuất nội dung","Bán hàng hóa với số lượng lớn","Tạo môi trường để những người có cùng sở thích trao đổi","Tổ chức các hội nghị trực tiếp"
"5","14","single","Mô hình nào sử dụng phương pháp đấu giá trực tuyến?","D","Nhà tạo thị trường","Nhà cung cấp dịch vụ","Nhà bán lẻ hỗn hợp","Nhà cung cấp nội dung","Nhà tạo thị trường"
"5","15","single","Mô hình nào kết hợp bán hàng trực tuyến với cửa hàng truyền thống?","A","Nhà bán lẻ hỗn hợp","Nhà bán lẻ hỗn hợp","Cổng thông tin","Nhà trung gian giao dịch","Nhà cung cấp dịch vụ"
"5","16","single","Mô hình B2B tập trung vào nhóm đối tượng khách hàng nào:","C","Tất cả đều đúng","Khách hàng là đại lý phân phối sản phẩm","Khách hàng là tổ chức","Tất cả đều đúng","Khách hàng là doanh nghiệp"
"5","17","single","Lợi ích nào dưới đây KHÔNG thuộc mô hình B2C?","C","Hạn chế tiếp cận khách hàng","Tăng khả năng xoay vòng vốn","Giảm chi phí thuê mặt bằng","Hạn chế tiếp cận khách hàng","Dễ thu thập thông tin khách hàng"
"5","18","single","Mô hình bán hàng trực tiếp trong B2C thường được thực hiện qua đâu?","B","Các sàn thương mại điện tử","Hội nghị doanh nghiệp","Các sàn thương mại điện tử","Nhà kho trung gian","Cửa hàng vật lý"
"5","19","single","Loại phí nào thường được áp dụng cho mô hình cổng thông tin?","D","Phí đăng ký và quảng cáo","Phí vận chuyển","Phí sản xuất","Phí bảo hiểm","Phí đăng ký và quảng cáo"
"5","20","single","Trong mô hình cổng thông tin, khách hàng thường sử dụng dịch vụ nào?","B","Tìm kiếm và tin tức","Quản lý kho hàng","Tìm kiếm và tin tức","Vận chuyển quốc tế","Sản xuất hàng hóa"
"5","21","single","Khách hàng trong mô hình B2C thường có đặc điểm gì?","A","Mua hàng phục vụ nhu cầu cá nhân","Mua hàng phục vụ nhu cầu cá nhân","Mua hàng với số lượng lớn","Luôn đàm phán giả","Mua hàng với mục đích kinh doanh"
"5","22","single","Nhà cung cấp dịch vụ B2C kiếm doanh thu từ đâu?","C","Phí dịch vụ và quảng cáo","Sản xuất hàng hóa","Tổ chức triển lãm","Phí dịch vụ và quảng cáo","Bản sản phẩm vật lý"
"5","23","single","Đâu KHÔNG phải là mô hình kinh doanh trong thương mại điện tử B2B","B","Cổng thông tin","Sàn giao dịch","Cổng thông tin","Nhà cung cấp dịch vụ B2B","Nhà phân phối điện tử"
"5","24","single","Vai trò của mô hình kinh doanh B2B đối với nền kinh tế là gì?","C","Tạo ra việc làm và thúc đẩy tăng trưởng kinh tế","Tăng chi phí vận hành cho doanh nghiệp","Hạn chế sự kết nối giữa các doanh nghiệp","Tạo ra việc làm và thúc đẩy tăng trưởng kinh tế","Tập trung vào khách hàng cá nhân"
"5","25","single","Tại sao các giao dịch B2B thường có quy mô lớn và giá trị cao?","D","Do B2B phục vụ nhu cầu sản xuất hoặc phân phối với số lượng lớn","Vì các doanh nghiệp luôn có nhu cầu mua lẻ","Vì sản phẩm trong B2B có giá trị sử dụng thấp","Vì khách hàng B2B ít quan tâm đến giá trị đơn hàng","Do B2B phục vụ nhu cầu sản xuất hoặc phân phối với số lượng lớn"
"5","26","single","Ai là đối tượng chính trong mô hình B2C?","B","Người tiêu dùng cá nhân","Nhà phân phối lớn","Người tiêu dùng cá nhân","Nhà cung cấp nguyên liệu","Doanh nghiệp khác"
"5","27","single","Mô hình kinh doanh B2B là gì?","C","Kinh doanh giữa doanh nghiệp và doanh nghiệp","Kinh doanh phi lợi nhuận","Kinh doanh qua chợ truyền thống","Kinh doanh giữa doanh nghiệp và doanh nghiệp","Kinh doanh giữa doanh nghiệp và khách hàng cá nhân"
"5","28","single","Khách hàng của mô hình kinh doanh B2B là ai?","C","Các công ty và tổ chức","Cá nhân người tiêu dùng mua sản phẩm về đem biếu, tặng.","Cá nhân sử dụng trực tiếp","Các công ty và tổ chức","Nhà đầu tư tài chính"
"5","29","single","Mô hình kinh doanh nào thường tập trung vào việc bán hàng hóa hoặc dịch vụ trực tiếp đến người tiêu dùng cuối cùng?","B","B2C (Business-to-Consumer)","B2B (Business-to-Business)","B2C (Business-to-Consumer)","C2C (Consumer-to-Consumer)","B2G (Business-to-Government)"
"5","30","single","Mô hình kinh doanh nào thường yêu cầu quy trình bán hàng phức tạp hơn và liên quan đến hợp đồng dài hạn","A","B2B (Business-to-Business)","B2B (Business-to-Business)","B2C (Business-to-Consumer)","C2B (Consumer-to-Business)","G2B (Government-to-Business)"
"6","1","single","Thành phần nào không thuộc chuỗi giá trị trong thương mại điện tử?","A","Kế hoạch hóa tài nguyên sản xuất.","Kế hoạch hóa tài nguyên sản xuất.","Phát triển công nghệ.","Hậu cần đầu ra.","Giao tiếp qua mạng xã hội."
"6","2","single","Vì sao chuỗi giá trị trong thương mại điện tử giúp tối ưu hóa chi phí?","B","Vì loại bỏ các bước không cần thiết trong quy trình kinh doanh.","Vì giảm sự phụ thuộc vào công nghệ.","Vì loại bỏ các bước không cần thiết trong quy trình kinh doanh.","Vì giảm số lượng khách hàng.","Vì tập trung chủ yếu vào dịch vụ hậu mãi."
"6","3","single","Tính kết nối của chuỗi giá trị trong thương mại điện tử mang lại lợi ích gì?","D","Mở rộng khả năng hợp tác với các bên liên quan trên phạm vi toàn cầu.","Giảm chi phí vận hành và quản lý.","Hạn chế việc tích hợp công nghệ hiện đại.","Giới hạn quy mô hoạt động trong một khu vực nhỏ.","Mở rộng khả năng hợp tác với các bên liên quan trên phạm vi toàn cầu."
"6","4","single","Yếu tố nào ảnh hưởng đến quyết định mua sắm trực tuyến?","B","Thời gian tải trang và giao diện thân thiện.","Tần suất quảng cáo truyền hình.","Thời gian tải trang và giao diện thân thiện.","Sự hiện diện vật lý của sản phẩm.","Mức độ giảm giá trực tiếp tại cửa hàng."
"6","5","single","Giai đoạn đầu tiên trong mô hình ra quyết định mua hàng là gì?","C","Nhận thức nhu cầu.","Đánh giá lựa chọn.","Tìm kiếm thông tin.","Nhận thức nhu cầu.","Hành vi sau mua."
"6","6","single","Tại sao yếu tố tin tưởng lại quan trọng trong mua sắm trực tuyến?","A","Vì nó quyết định khả năng khách hàng thực hiện giao dịch trực tuyến.","Vì nó quyết định khả năng khách hàng thực hiện giao dịch trực tuyến.","Vì không có yếu tố nào khác ảnh hưởng.","Vì tin tưởng giảm khả năng khách hàng quay lại.","Vì khách hàng không cần thông tin chi tiết về sản phẩm."
"6","7","single","Vì sao chất lượng dịch vụ lại là yếu tố quan trọng trong TMĐT?","B","Vì nó đảm bảo khách hàng luôn quay lại mua hàng.","Vì không có cạnh tranh trong thị trường trực tuyến.","Vì nó đảm bảo khách hàng luôn quay lại mua hàng.","Vì dịch vụ không quan trọng bằng sản phẩm.","Vì khách hàng không đánh giá dịch vụ sau khi mua."
"6","8","single","Mô hình hành vi mua trực tuyến giúp doanh nghiệp làm gì?","C","Xây dựng các chiến lược phù hợp nhằm tiếp cận và duy trì khách hàng.","Tăng cường giảm giá và khuyến mãi để cạnh tranh.","Giảm sự phụ thuộc vào công nghệ trong quá trình bán hàng.","Xây dựng các chiến lược phù hợp nhằm tiếp cận và duy trì khách hàng.","Loại bỏ nhu cầu sử dụng các kênh truyền thông quảng cáo."
"6","9","single","Một khách hàng truy cập website TMĐT nhưng không mua hàng, bạn sẽ cải thiện điều này bằng cách nào?","C","Cải thiện trải nghiệm người dùng với giao diện thuận tiện và đề xuất ưu đãi hấp dẫn.","Giảm thiểu các hoạt động khuyến mãi để tập trung vào lợi nhuận.","Điều chỉnh giá sản phẩm tăng nhẹ để cân bằng chi phí vận hành.","Cải thiện trải nghiệm người dùng với giao diện thuận tiện và đề xuất ưu đãi hấp dẫn.","Hiển thị các sản phẩm ngẫu nhiên không theo nhu cầu khách hàng."
"6","10","single","Giao dịch thương mại điện tử được định nghĩa là gì?","A","Hoạt động trao đổi hàng hóa/dịch vụ qua các nền tảng trực tuyến.","Hoạt động trao đổi hàng hóa/dịch vụ qua các nền tảng trực tuyến.","Giao dịch qua các cửa hàng vật lý.","Hoạt động không cần sự hỗ trợ công nghệ.","Chỉ áp dụng cho sản phẩm số."
"6","11","single","Loại giao dịch nào phổ biến trong TMĐT B2B?","A","Giao dịch giữa doanh nghiệp với doanh nghiệp.","Giao dịch giữa doanh nghiệp với doanh nghiệp.","Giao dịch giữa cá nhân với cá nhân.","Giao dịch giữa người tiêu dùng và doanh nghiệp.","Giao dịch qua mạng xã hội."
"6","12","single","Giao dịch B2C có đặc điểm gì khác với B2B?","D","Quá trình mua sắm đơn giản và nhanh chóng.","Đối tượng là doanh nghiệp lớn.","Yêu cầu nhiều bước trung gian.","Giá trị giao dịch cao hơn.","Quá trình mua sắm đơn giản và nhanh chóng."
"6","13","single","Giao dịch C2C thường gặp rủi ro gì?","A","Sản phẩm không được kiểm định chất lượng.","Sản phẩm không được kiểm định chất lượng.","Sự hỗ trợ đầy đủ từ nền tảng TMĐT.","Hệ thống bảo mật cao.","Quá trình thanh toán minh bạch."
"6","14","single","Vai trò của logistics trong giao dịch TMĐT là gì?","D","Đảm bảo hàng hóa được vận chuyển hiệu quả, đáp ứng đúng thời gian cam kết.","Hỗ trợ xử lý và theo dõi trạng thái đơn hàng từ khi đặt đến khi giao nhận.","Quản lý thông tin khách hàng để cá nhân hóa trải nghiệm mua sắm.","Giới hạn khả năng tiếp cận và mở rộng thị trường ở nhiều khu vực khác nhau.","Đảm bảo hàng hóa được vận chuyển hiệu quả, đáp ứng đúng thời gian cam kết."
"6","15","single","Giả sử bạn là người quản lý của một website thương mại điện tử và nhận thấy có một lượng lớn khách hàng bỏ giỏ hàng mà không hoàn thành giao dịch. Bạn sẽ áp dụng những chiến lược nào trong quản lý logistics và trải nghiệm người dùng để giảm tỷ lệ bỏ giỏ hàng và tăng tỷ lệ chuyển đổi?","D","Cải thiện giao diện người dùng, tối ưu quy trình thanh toán và cung cấp các lựa chọn vận chuyển linh hoạt.","Tăng cường thời gian giao hàng và giảm chi phí vận chuyển cho các đơn hàng có giá trị cao.","Giới hạn các hình thức thanh toán và yêu cầu khách hàng chỉ có thể thanh toán qua một phương thức duy nhất.","Tăng giá sản phẩm để tạo ra cảm giác khan hiếm, thúc đấy khách hàng hoàn thành giao dịch.","Cải thiện giao diện người dùng, tối ưu quy trình thanh toán và cung cấp các lựa chọn vận chuyển linh hoạt."
"6","16","single","Đặc điểm nào là đặc trưng của chuỗi giá trị trong thương mại điện tử?","A","Sử dụng công nghệ số làm nền tảng vận hành.","Sử dụng công nghệ số làm nền tảng vận hành.","Chỉ hoạt động tại một khu vực địa lý cố định.","Tập trung vào giao tiếp trực tiếp với khách hàng.","Loại bỏ hoàn toàn vai trò của nhà cung cấp."
"6","17","single","Tại sao dịch vụ cá nhân hóa là yếu tố quan trọng trong chuỗi giá trị?","B","Cải thiện trải nghiệm khách hàng dựa trên hành vi cá nhân.","Loại bỏ nhu cầu cải tiến công nghệ.","Cải thiện trải nghiệm khách hàng dựa trên hành vi cá nhân.","Tăng cường giao tiếp trực tiếp với khách hàng.","Giảm nhu cầu sử dụng dữ liệu khách hàng."
"6","18","single","Đặc điểm nào dưới đây đúng với hành vi tiêu dùng trực tuyến?","A","Khách hàng dựa nhiều vào đánh giá và thông tin trực tuyến.","Khách hàng dựa nhiều vào đánh giá và thông tin trực tuyến.","Không bị ảnh hưởng bởi quảng cáo trực tuyến.","Chỉ mua các sản phẩm có thương hiệu lớn.","Luôn yêu cầu thử sản phẩm trước khi mua."
"6","19","single","Giai đoạn ""tìm kiếm thông tin"" trong hành vi mua trực tuyến thường sử dụng gì?","D","Đánh giá sản phẩm từ khách hàng khác trên nền tảng TMĐT.","Khảo sát trực tiếp tại cửa hàng.","Dữ liệu từ báo cáo doanh nghiệp.","Chương trình khuyến mãi offline.","Đánh giá sản phẩm từ khách hàng khác trên nền tảng TMĐT."
"6","20","single","Giao dịch B2G đóng vai trò gì trong cải cách hành chính?","B","Tăng tính minh bạch và hiệu quả trong đấu thầu và cung cấp dịch vụ công.","Giảm số lượng doanh nghiệp tham gia đấu thầu.","Tăng tính minh bạch và hiệu quả trong đấu thầu và cung cấp dịch vụ công.","Tăng sự phức tạp của thủ tục hành chính.","Giới hạn phạm vi cung cấp dịch vụ công."
"6","21","single","Cá nhân hóa trải nghiệm mua hàng dựa trên điều gì?","B","Hành vi duyệt web và lịch sử mua sắm của khách hàng.","Ý kiến của đối thủ cạnh tranh.","Hành vi duyệt web và lịch sử mua sắm của khách hàng.","Tăng giá sản phẩm để tạo ấn tượng.","Dữ liệu từ khảo sát ngẫu nhiên"
"6","22","single","Tại sao giao dịch TMĐT cần chính sách bảo vệ người tiêu dùng?","C","Để xây dựng lòng tin và giảm rủi ro cho khách hàng.","Để tăng chi phí cho người bán.","Để hạn chế người mua tiếp cận sản phẩm.","Để xây dựng lòng tin và giảm rủi ro cho khách hàng.","Để giảm doanh thu của doanh nghiệp."
"6","23","single","Vai trò của marketing trong chuỗi giá trị là gì?","A","Quảng bá sản phẩm và thu hút khách hàng tiềm năng","Quảng bá sản phẩm và thu hút khách hàng tiềm năng","Tăng tốc độ giao hàng","Xử lý khiếu nại từ khách hàng","Đảm bảo chất lượng sản phẩm trước khi giao hàng"
"6","24","single","Chuỗi giá trị trong thương mại điện tử bao gồm:","D","Các hoạt động trên nền tảng số để cung cấp sản phẩm/dịch vụ đến khách hàng","Chỉ tập trung và dịch vụ khách hàng sau bán","Các hoạt động sản xuất vật lý và giao diện","Gồm các hoạt động tài chính và nhân sự","Các hoạt động trên nền tảng số để cung cấp sản phẩm/dịch vụ đến khách hàng"
"6","25","single","Ví dụ nào thể hiện một chuỗi giá trị hiệu quả trong thương mại điện tử?","B","Sử dụng hệ thống ERP để tối ưu hóa quản lý kho","Tăng số lượng nhân viên bán hàng trực tiếp","Sử dụng hệ thống ERP để tối ưu hóa quản lý kho","Tăng chi phí quảng cáo ngoại tuyến","Hạn chế ứng dụng công nghệ AI"
"6","26","single","Hoạt động nào thuộc về hậu cần đầu vào trong chuỗi giá trị?","A","Quản lý kho hàng và chuỗi cung ứng","Quản lý kho hàng và chuỗi cung ứng","Thiết kế chương trình quảng cáo","Giao hàng cho khách hàng cuối","Xử lý đối trả sản phẩm"
"6","27","single","Vì sao giao dịch TMDT thúc đẩy kinh tế số?","B","Vì tăng cường tiếp cận thị trường toàn cầu và giảm chi phí vận hành","Vì chỉ hoạt động trong phạm vi địa phương","Vì tăng cường tiếp cận thị trường toàn cầu và giảm chi phí vận hành","Vì không yêu cầu tích hợp công nghệ","Vì giảm thiểu sự phụ thuộc vào các ngành khác"
"6","28","single","Ưu điểm chính của giao dịch TMDT là gì?","B","Giảm chi phí và thời gian giao dịch","Hạn chế mở rộng thị trường","Giảm chi phí và thời gian giao dịch","Tăng chí phí vận chuyển","Chỉ áp dụng cho doanh nghiệp lớn"
"6","29","single","Thái độ của khách hàng với website ảnh hưởng thế nào đến quyết định mua hàng ?","D","Thái độ tích cực làm tăng khả năng hoàn tất giao dịch","Thái độ tiêu cực không ảnh hưởng đến hành vi mua hàng","Chỉ thái độ đối với giá cả mới ảnh hưởng","Thái độ không liên quan đến quyết định mua","Thái độ tích cực làm tăng khả năng hoàn tất giao dịch"
"6","30","single","Trong chuỗi giá trị, “dịch vụ hậu mãi” nhằm mục đích:","B","Xứ lý các vấn đề của khách hàng sau khi mua hàng","Cải thiện hệ thống công nghệ nội bộ","Xứ lý các vấn đề của khách hàng sau khi mua hàng","Thu hút khách hàng mới","Quản lý nguồn cung nguyên liệu"
"7","1","single","Thanh toán điện tử là gì?","D","Quá trình thực hiện giao dịch qua các phương tiện điện tử.","Một cách vận chuyển hàng hóa qua internet.","Quá trình thực hiện giao dịch qua tiền mặt.","Trao đổi hàng hóa trực tiếp tại cửa hàng.","Quá trình thực hiện giao dịch qua các phương tiện điện tử."
"7","2","single","Vai trò của cổng thanh toán trong giao dịch điện tử là gì?","B","Là trung gian xử lý và đảm bảo an toàn cho giao dịch.","Là hệ thống định giá sản phẩm.","Là trung gian xử lý và đảm bảo an toàn cho giao dịch.","Là nơi lưu trữ tiền mặt.","Là nơi lưu trữ sản phẩm."
"7","3","single","Là một người tiêu dùng, bạn sẽ chọn phương thức thanh toán điện tử nào cho giao dịch trực tuyến an toàn? Tại sao?","C","Thẻ tín dụng kèm OTP.","Séc.","Tiền mặt.","Thẻ tín dụng kèm OTP.","Thanh toán trực tiếp qua email."
"7","4","single","Loại rủi ro phổ biến trong thanh toán điện tử là gì?","C","Rủi ro bảo mật thông tin.","Rủi ro về chất lượng sản phẩm.","Rủi ro vận chuyển.","Rủi ro bảo mật thông tin.","Rủi ro thay đổi thị trường."
"7","5","single","Yếu tố nào thường dẫn đến mất dữ liệu người dùng?","A","Phần mềm độc hại và thiếu bảo mật.","Phần mềm độc hại và thiếu bảo mật.","Quản lý kho không hiệu quả.","Thiếu các biện pháp sao lưu và phục hồi dữ liệu hiệu quả.","Sai sót trong việc xử lý và cập nhật dữ liệu khách hàng trong hệ thống."
"7","6","single","Lợi ích của việc sử dụng công nghệ mã hóa trong giao dịch là gì?","B","Bảo vệ dữ liệu khỏi bị rò rỉ.","Tăng chi phí giao dịch.","Bảo vệ dữ liệu khỏi bị rò rỉ.","Làm cho giao dịch chậm hơn.","Giảm số lượng giao dịch thành công."
"7","7","single","Vai trò của giáo dục người dùng trong bảo mật thanh toán điện tử là gì?","C","Giúp người dùng phát hiện và phòng tránh rủi ro.","Giảm sự phụ thuộc vào công nghệ.","Hạn chế quyền truy cập của người dùng.","Giúp người dùng phát hiện và phòng tránh rủi ro.","Tăng khả năng phát sinh lỗi giao dịch."
"7","8","single","Yếu tố kỹ thuật nào thường gây rủi ro bảo mật?","B","Lỗi phần mềm hoặc thiết bị không được cập nhật.","Giao tiếp kém giữa người mua và người bán.","Lỗi phần mềm hoặc thiết bị không được cập nhật.","Thiếu thông tin về sản phẩm.","Quá trình vận chuyển chậm."
"7","9","single","Nếu phát hiện giao dịch đáng ngờ trong tài khoản của mình, bạn sẽ làm gì để bảo vệ tài khoản?","D","Báo ngay với ngân hàng và kiểm tra lịch sử giao dịch.","Thay đổi mật khẩu tài khoản và khóa tạm thời tài khoản của mình.","Gửi email đến người bán.","Chặn toàn bộ tài khoản ngân hàng.","Báo ngay với ngân hàng và kiểm tra lịch sử giao dịch."
"7","10","single","Công nghệ nào giúp tăng cường bảo mật cho thanh toán điện tử?","B","Blockchain.","Dịch vụ vận chuyển.","Blockchain.","Mạng xã hội.","Lưu trữ thủ công."
"7","11","single","Al được ứng dụng trong thanh toán điện tử để làm gì?","C","Phát hiện gian lận giao dịch.","Hỗ trợ bán hàng trực tiếp.","Tăng giá trị sản phẩm.","Phát hiện gian lận giao dịch.","Tăng tốc độ vận chuyển."
"7","12","single","Tại sao thanh toán bằng blockchain được coi là bảo mật?","D","Vì ghi lại tất cả các giao dịch trên số cái phân tán","Vì không cần kết nối internet.","Vì không cần xác minh thông tin.","Vì loại bỏ hoàn toàn trung gian.","Vì ghi lại tất cả các giao dịch trên số cái phân tán"
"7","13","single","Lợi ích của thanh toán tự động là gì?","A","Đảm bảo giao dịch định kỳ mà không cần nhập lại thông tin.","Đảm bảo giao dịch định kỳ mà không cần nhập lại thông tin.","Tăng chi phí cho doanh nghiệp.","Yêu cầu người dùng đăng nhập mỗi lần.","Giảm tốc độ xử lý giao dịch."
"7","14","single","Tại sao nhận diện vân tay được sử dụng phổ biến trong thanh toán di động?","A","Vì tăng cường bảo mật và dễ sử dụng.","Vì tăng cường bảo mật và dễ sử dụng.","Vì giảm số lượng giao dịch.","Vì không yêu cầu mã hóa.","Vì không cần thiết bị điện tử."
"7","15","single","Khi triển khai phương thức thanh toán 1-click trên nền tảng TMĐT, yếu tố nào là quan trọng nhất để đảm bảo tính bảo mật và an toàn cho người dùng?","A","Mã hóa dữ liệu và xác thực người dùng.","Mã hóa dữ liệu và xác thực người dùng.","Cung cấp các hình thức thanh toán linh hoạt mà không cần xác thực bổ sung.","Tối ưu hóa giao diện người dùng và giảm thiểu các bước thanh toán.","Sử dụng phương thức thanh toán duy nhất để giảm thiểu sự phức tạp."
"7","16","single","Công cụ nào không được sử dụng trong thanh toán điện tử?","C","Séc ngân hàng.","Mã QR.","Ví điện tử.","Séc ngân hàng.","Thẻ tín dụng."
"7","17","single","Tại sao thanh toán điện tử giúp tăng cường sự tiện lợi?","D","Vì giao dịch có thể thực hiện mọi lúc, mọi nơi qua internet.","Vì không yêu cầu công nghệ bảo mật.","Vì không cần người dùng cung cấp thông tin cá nhân.","Vì chi phí thực hiện rất cao.","Vì giao dịch có thể thực hiện mọi lúc, mọi nơi qua internet."
"7","18","single","Ví dụ nào thể hiện rủi ro hệ thống trong thanh toán điện tử?","A","Lỗi phần mềm làm gián đoạn giao dịch.","Lỗi phần mềm làm gián đoạn giao dịch.","Gian lận trong sản phẩm.","Không tìm thấy sản phẩm trong kho.","Dịch vụ chăm sóc khách hàng không tốt."
"7","19","single","Tại sao gian lận trong giao dịch là vấn đề lớn trong TMĐT?","A","Vì có thể gây mất mát tài chính lớn cho người dùng và doanh nghiệp.","Vì có thể gây mất mát tài chính lớn cho người dùng và doanh nghiệp.","Vì gây ảnh hưởng trực tiếp đến chất lượng sản phẩm.","Vì chỉ liên quan đến các bên trung gian.","Vì làm giảm tốc độ giao hàng"
"7","20","single","Công nghệ nhận diện sinh trắc học bao gồm phương pháp nào?","D","Nhận diện khuôn mặt và vân tay","Quét mã QR.","Thẻ từ.","Xác thực mật khẩu.","Nhận diện khuôn mặt và vân tay"
"7","21","single","Tại sao xác thực hai yếu tố giúp giảm rủi ro thanh toán điện tử?","A","Vì yêu cầu người dùng xác minh danh tính hai lần.","Vì yêu cầu người dùng xác minh danh tính hai lần.","Vì không cần kết nối internet.","Vì giảm thời gian giao dịch.","Vì không cần nhập mật khẩu."
"7","22","single","Tích hợp thanh toán trên các nền tảng TMĐT mang lại lợi ích gì?","B","Tăng cường trải nghiệm người dùng và giảm thời gian giao dịch.","Tăng số lượng lỗi hệ thống.","Tăng cường trải nghiệm người dùng và giảm thời gian giao dịch.","Giảm sự hài lòng của khách hàng.","Hạn chế tính bảo mật."
"7","23","single","Xác thực đa yếu tố giúp giảm thiểu rủi ro bằng cách nào?","D","Yêu cầu người dùng cung cấp nhiều lớp xác minh trước khi giao dịch.","Loại bỏ bước nhập thông tin thanh toán.","Tăng tốc độ giao dịch trực tuyến.","Giảm số lượng giao dịch mỗi ngày.","Yêu cầu người dùng cung cấp nhiều lớp xác minh trước khi giao dịch."
"7","24","single","Tại sao Al giúp cải thiện trải nghiệm người dùng trong thanh toán điện tử?","B","Vì tự động đề xuất phương thức thanh toán hiệu quả.","Vì không cần xác thực.","Vì tự động đề xuất phương thức thanh toán hiệu quả.","Vì loại bỏ hoàn toàn bước bảo mật.","Vì thay đổi thông tin giao dịch."
"7","25","single","Tại sao hợp tác với các dịch vụ bảo mật chuyên nghiệp lại quan trọng?","B","Để phát hiện và khắc phục lỗ hổng bảo mật nhanh chóng.","Để tránh áp dụng quy định pháp lý.","Để phát hiện và khắc phục lỗ hổng bảo mật nhanh chóng.","Để giảm chi phí đầu tư vào công nghệ.","Để tăng hiệu quả giao dịch tài chính."
"7","26","single","Nhược điểm chính của thanh toán điện tử là gì?","B","Phụ thuộc vào thiết bị và kết nối internet.","Không có bảo mật.","Phụ thuộc vào thiết bị và kết nối internet.","Chậm hơn thanh toán truyền thống.","Không thể thực hiện qua ngân hàng."
"7","27","single","Đặc điểm của thanh toán điện tử là gì?","D","Thực hiện nhanh chóng, mọi lúc mọi nơi.","Phụ thuộc hoàn toàn vào tiền mặt.","Không cần internet để thực hiện.","Chậm và không tiện lợi.","Thực hiện nhanh chóng, mọi lúc mọi nơi."
"7","28","single","Một lợi ích chính của thanh toán điện tử là:","A","Tăng tốc độ và tính tiện lợi trong giao dịch.","Tăng tốc độ và tính tiện lợi trong giao dịch.","Giảm tính bảo mật.","Không phụ thuộc vào công nghệ.","Không yêu cầu thiết bị đầu cuối."
"7","29","single","Yếu tố không cần thiết trong thanh toán điện tử là:","D","Máy tính không kết nối internet.","Người bán và người mua.","Cổng thanh toán.","Ngân hàng phát hành.","Máy tính không kết nối internet."
"7","30","single","Ví dụ nào dưới đây là thanh toán điện tử?","C","Quét mã QR để thanh toán.","Thanh toán bằng séc.","Chuyển hàng trực tiếp.","Quét mã QR để thanh toán.","Thanh toán bằng tiền mặt tại quầy."
"8","1","single","Tính bí mật trong an toàn bảo mật thương mại điện tử đảm bảo điều gì?","C","Đảm bảo dữ liệu không bị lộ","Đảm bảo dữ liệu luôn sẵn sàng","Ngăn chặn việc từ chối một hành vi đã làm","Đảm bảo dữ liệu không bị lộ","Đảm bảo chỉ người dùng được ủy quyền mới được phép chỉnh sửa dữ liệu"
"8","2","single","Tính sẵn sàng trong an toàn và bảo mật thương mại điện tử đảm bảo điều gì?","A","Đảm bảo dữ liệu luôn sẵn sàng","Đảm bảo dữ liệu luôn sẵn sàng","Ngăn chặn việc từ chối một hành vi đã làm","Đảm bảo chỉ người dùng được ủy quyền mới được phép chỉnh sửa dữ liệu","Đảm bảo dữ liệu không bị lộ"
"8","3","single","Chữ ký điện tử trong thương mại điện tử được hiểu là gì?","B","Một phương tiện xác nhận danh tính và chấp thuận nội dung dữ liệu thông qua các ký hiệu hoặc mã hóa điện tử","Một hệ thống bảo mật giúp mã hóa toàn bộ nội dung giao dịch.","Một phương tiện xác nhận danh tính và chấp thuận nội dung dữ liệu thông qua các ký hiệu hoặc mã hóa điện tử","Một phần mềm kiểm tra tính toàn vẹn của tài liệu trong giao dịch.","Một loại chữ ký viết tay được quét và lưu trữ dưới dạng điện tử."
"8","4","single","Bảo mật trong thương mại điện tử cần phải đáp ứng những yêu cầu nào dưới đây?","C","Tất cả các đáp án đúng","Tính sẵn sàng","Tính toàn vẹn","Tất cả các đáp án đúng","Tính bí mật"
"8","5","single","Việc tìm cách lừa để lấy được thông tin nhạy cảm của khách hàng trong giao dịch TMĐT là hình thức tấn công trên mạng nào?","D","Tấn công phi kỹ thuật","Không đáp án nào đúng","Cả 2 đáp án đúng","Tấn công kỹ thuật","Tấn công phi kỹ thuật"
"8","6","single","Tấn công Cyber trong TMĐT là?","C","Là một cuộc tấn công điện tử để xâm nhập trái phép trên Internet.","Là hành vi bẻ khoá để xâm nhập trái phép vào máy tính","Là hành vi gian lận, làm giả để thu nhập bất chính","Là một cuộc tấn công điện tử để xâm nhập trái phép trên Internet.","Tất cả đều đúng"
"8","7","single","Tính chống thoái thác trong an toàn và bảo mật thương mại điện tử đảm bảo điều gì?","A","Đảm bảo ngăn chặn việc từ chối một hành vi đã làm.","Đảm bảo ngăn chặn việc từ chối một hành vi đã làm.","Đảm bảo dữ liệu không bị lộ","Đảm bảo chỉ người dùng được ủy quyền mới được phép chỉnh sửa dữ liệu","Đảm bảo dữ liệu luôn sẵn sàng"
"8","8","single","Yếu tố nào dưới đây là điểm khác biệt chính giữa chữ ký điện tử và chữ ký số về cơ chế xác thực?","B","Chữ ký số sử dụng ID kỹ thuật số dựa trên chứng chỉ để xác thực.","Chữ ký điện tử sử dụng các phương pháp mã hóa để xác thực.","Chữ ký số sử dụng ID kỹ thuật số dựa trên chứng chỉ để xác thực.","Chữ ký điện tử xác minh danh tính người ký thông qua chứng chỉ ID kỹ thuật số.","Chữ ký số xác minh danh tỉnh thông qua email hoặc mã PIN."
"8","9","single","Tường lửa có thể kiểm soát những yếu tố nào trong quá trình bảo vệ mạng?","A","Kiểm soát địa chỉ truy nhập, người sử dụng và nội dung thông tin lưu chuyển trên mạng.","Kiểm soát địa chỉ truy nhập, người sử dụng và nội dung thông tin lưu chuyển trên mạng.","Chỉ giám sát các tệp tin được truyền qua Internet.","Kiểm soát lưu trữ tất cả dữ liệu trong hệ thống mạng.","Chỉ kiểm soát luồng dữ liệu từ Intranet ra Internet."
"8","10","single","Phát biểu đúng về Mã hóa công cộng là?","D","Là phương pháp sử dụng hai mã khóa cho quá trình mã hóa, một mã dùng để mã hóa thông điệp, một mã đề giải mã thông điệp","Là phương pháp sử dụng một mã khóa cho quá trình mã hóa","Tất cả đều đúng","Không đáp án nào đùng","Là phương pháp sử dụng hai mã khóa cho quá trình mã hóa, một mã dùng để mã hóa thông điệp, một mã đề giải mã thông điệp"
"8","11","single","Phát biểu đúng về virus tấn công trong TMĐT là?","D","Là đoạn mã chương trình chèn vào máy chủ sau đó lây lan","Là một chương trình xuất hiện với những chức năng hữu dụng nhưng nó bao gồm các chức năng ẩn có các nguy cơ về an ninh","Là một chương trình chạy độc lập","Tất cả các đáp án đúng","Là đoạn mã chương trình chèn vào máy chủ sau đó lây lan"
"8","12","single","Việc sử dụng số thẻ VISA giả để mua bán trên mạng là hình thức đe dọa an toàn TMĐT nào?","A","Gian lận trên mạng","Gian lận trên mạng","Tấn công Cyber","Crackers","Hackers"
"8","13","single","Lỗi xác định các giới hạn an toàn bảo mật TMĐT ở phạm vi hẹp được thể hiện qua nội dung nào dưới đây?","B","Tập trung đến việc đảm bảo an toàn thông tin các mạng nội bộ, không quan tâm đầy đủ đến an toàn trong các đối tác thuộc chuỗi cung ứng","Tất cả đều đúng","Tập trung đến việc đảm bảo an toàn thông tin các mạng nội bộ, không quan tâm đầy đủ đến an toàn trong các đối tác thuộc chuỗi cung ứng","Không đáp án nào đúng","Tập trung đến việc đảm bảo an toàn thông tin các đối tác thuộc chuỗi cung ứng, không quan tâm đầy đủ đến an toàn trong các mạng nội bộ"
"8","14","single","Đâu là các lỗi thường gặp phải trong quản trị an toàn thương mại điện tử?","B","Tất cả các đáp án đúng","Xác định các giới hạn an toàn ở phạm vi hẹp","Tất cả các đáp án đúng","Đánh giá thấp giá trị của tài sản thông tin","Quản trị an toàn mạng tính chất đối phó"
"8","15","single","Trong một sự cố an ninh mạng, một chương trình được phát hiện trên hệ thống máy chủ của công ty. Chương trình này ban đầu được ngụy trang như một công cụ hỗ trợ hữu ích nhưng thực chất đang đánh cấp dữ liệu bí mật. Loại hình tấn công nào dưới đây phù hợp với mô tả trên?","B","Con ngựa thành Tơ-roa (Trojan horse)","Sâu (Worm)","Con ngựa thành Tơ-roa (Trojan horse)","Tin tặc (Hacker)","Virus"
"8","16","single","Trung tâm Chứng thực kỹ thuật số có chức năng gì trong môi trường giao dịch điện tử?","A","Quản lý chứng thực số và cấp chứng thực cho các cá nhân, tổ chức tham gia giao dịch điện tử.","Quản lý chứng thực số và cấp chứng thực cho các cá nhân, tổ chức tham gia giao dịch điện tử.","Xác nhận giao dịch tài chính của các bên tham gia.","Đảm bảo rằng tất cả các giao dịch trong môi trường điện tử đều miễn phí và không bị kiểm duyệt.","Cung cấp mã hóa cho tất cả các thông điệp gửi đi."
"8","17","single","Chứng thực điện từ trong thương mại điện tử có vai trò quan trọng nào dưới đây?","D","Xác nhận danh tính người tham gia giao dịch và bảo mật các khoá công cộng và khoá riêng thông qua cơ quan trung gian.","Đảm bảo sự an toàn của tất cả các giao dịch thương mại trực tuyến mà không cần sự tham gia của bên thứ ba.","Cung cấp các công cụ hỗ trợ mã hóa cho tất cả các văn bản và tài liệu gửi đi.","Đảm bảo rằng tất cả các giao dịch thương mại đều được thực hiện một cách tự động mà không cần sự kiểm tra của cơ quan chứng thực.","Xác nhận danh tính người tham gia giao dịch và bảo mật các khoá công cộng và khoá riêng thông qua cơ quan trung gian."
"8","18","single","Trong thương mại điện tử, khi nào nên sử dụng chữ ký số thay vì chữ ký điện tử?","A","Khi cần bảo mật tài liệu và đảm bảo tính toàn vẹn của dữ liệu.","Khi cần bảo mật tài liệu và đảm bảo tính toàn vẹn của dữ liệu.","Khi muốn đơn giản hóa quy trình ký kết tài liệu mà không cần mã hóa.","Khi tài liệu không yêu cầu xác nhận từ cơ quan chứng nhận tin cậy.","Khi yêu cầu xác minh danh tính người kỷ qua email hoặc mã PIN."
"8","19","single","Vẽ tính bảo mật, tại sao chữ ký số được coi là an toàn hơn chữ ký điện tử?","D","Chữ ký số được mã hóa và xác nhận bởi cơ quan chứng nhận tin cậy.","Chữ ký điện tử có thể được mã hóa nhưng không có quá trình xác nhận.","Chữ ký điện tử có tiêu chuẩn mã hóa cao hơn chữ ký số.","Chữ ký số sử dụng hình ảnh hoặc biểu tượng thay vì mã hóa.","Chữ ký số được mã hóa và xác nhận bởi cơ quan chứng nhận tin cậy."
"8","20","single","Phát biểu nào dưới đây đúng:","D","Mã hóa ""khóa bí mật"" còn gọi là mã hóa đối xứng.","Tất cả đều đùng","Mã hóa ""khóa công khai"" còn gọi là mã hóa đối xứng.","Không đáp án nào đúng","Mã hóa ""khóa bí mật"" còn gọi là mã hóa đối xứng."
"8","21","single","Kỹ thuật mã hóa thông tin trong thương mại điện tử là:","A","Quá trình trộn văn bản với khoá mã tạo thành văn bản không thể đọc được truyền trên mạng","Quá trình trộn văn bản với khoá mã tạo thành văn bản không thể đọc được truyền trên mạng","Quá trình lưu trữ thông tin trên máy chủ để bảo vệ dữ liệu khỏi truy cập trái phép","Quá trình kiểm tra danh tính người dùng trước khi giao dịch trực tuyến","Quá trình tách dữ liệu thành các phần nhỏ để gửi qua các kênh truyền thông khác nhau"
"8","22","single","Tính đáng tin cậy trong thương mại điện tử đảm bảo điều nào dưới đây?","C","Đảm bảo rằng, ngoài những người có quyền, không ai có thể xem các thông điệp và truy cập những dữ liệu có giá trị.","Không có đáp án đúng","Đảm bảo thông tin trong TMĐT không bị thay đổi","Đảm bảo rằng, ngoài những người có quyền, không ai có thể xem các thông điệp và truy cập những dữ liệu có giá trị.","Đảm bảo các bên tham gia thương mại điện tử không phủ định các hành động trực tuyến mà họ đã thực hiện"
"8","23","single","Tính toàn vẹn trong thương mại điện tử đảm bảo điều nào dưới đây?","C","Đảm bảo thông tin trong TMĐT không bị thay đổi","Không đáp án nào đúng","Đảm bảo rằng, ngoài những người có quyền, không ai có thể xem các thông điệp và truy cập những dữ liệu có giá trị.","Đảm bảo thông tin trong TMĐT không bị thay đổi","Đảm bảo các bên tham gia thương mại điện tử không phủ định các hành động trực tuyến mà họ đã thực hiện"
"8","24","single","Tấn công bằng phần mềm vào hệ thống thương mại điện tử thuộc hình thức tấn công trên mạng nào?","C","Tấn công kỹ thuật","Không đáp án nào đúng","Cả 2 đáp án đúng","Tấn công kỹ thuật","Tấn công phi kỹ thuật"
"8","25","single","Gian lận trên mạng trong TMĐT là?","B","Là hành vi gian lận, làm giả để thu nhập bất chính","Là hành vi bẻ khoá để xâm nhập trái phép vào máy tính","Là hành vi gian lận, làm giả để thu nhập bất chính","Là một cuộc tấn công điện tử để xâm nhập trái phép trên internet","Không đáp án nào đùng"
"8","26","single","Đâu là loại tội phạm đe dọa an toàn trong TMĐT?","A","Tất cả các đáp án đúng","Tất cả các đáp án đúng","Crackers","Tấn công Cyber","Hackers (tin tặc)"
"8","27","single","Lý do gây ra lỗi "" quy trình quản trị an toàn trong TMĐT lỗi thời "" là:","A","Cả (1) và (2) đúng","Cả (1) và (2) đúng","Không có đáp án nào đúng","Không thường xuyên bồi dưỡng tri thức và kỹ năng an toàn thông tin cho đội ngũ cán bộ nhân viên (2)","Tổ chức ít khi cập nhật các quy trình đảm bảo an toàn thông tin (1)"
"8","28","single","Mục đích bảo vệ thông tin khách hàng trong thương mại điện tử là gì?","C","Xây dựng niềm tin với khách hàng","Ngăn chặn việc gian lận tài chính","Đảm bảo tính liên tục trong kinh doanh","Xây dựng niềm tin với khách hàng","Bảo vệ lợi ích kinh doanh"
"8","29","single","Trong giao dịch thương mại điện tử, tại sao cần sử dụng giao thức SSL/TLS?","B","Để mã hóa dữ liệu giữa trình duyệt và máy chủ, đảm bảo tính bảo mật và toàn vẹn thông tin.","Để tăng tốc độ tải trang web.","Để mã hóa dữ liệu giữa trình duyệt và máy chủ, đảm bảo tính bảo mật và toàn vẹn thông tin.","Để thay thế hoàn toàn các biện pháp bảo mật khác.","Để lưu trữ thông tin cá nhân của người dùng."
"8","30","single","Yếu tố nào quan trọng nhất trong việc bảo vệ giao dịch thương mại điện tử khỏi gian lận?","C","Sử dụng chứng thực số, xác minh hai bước và hệ thống phát hiện gian lận tự động.","Chỉ sử dụng các phương thức thanh toán phổ biến như thẻ tín dụng.","Kiểm tra thủ công tất cả các giao dịch trước khi xử lý.","Sử dụng chứng thực số, xác minh hai bước và hệ thống phát hiện gian lận tự động.","Không cần biện pháp bảo vệ vì các nền tảng thương mại điện tử đã có sẵn bảo mật."
"9","1","single","Lợi ích nào của kế hoạch kinh doanh TMĐT giúp doanh nghiệp giảm thiểu rủi ro và giải quyết vấn đề?","A","Phân tích SWOT để nhận diện cơ hội và thách thức.","Phân tích SWOT để nhận diện cơ hội và thách thức.","Thu hút nhà đầu tư và đối tác.","Tối ưu hóa chiến lược tiếp thị và bán hàng.","Đảm bảo tính liên tục trong kinh doanh."
"9","2","single","Kế hoạch kinh doanh TMĐT giúp doanh nghiệp tối ưu hóa chiến lược tiếp thị và bán hàng bằng cách nào?","A","Xây dựng chiến lược chuyển đổi khách truy cập thành khách hàng qua website và mạng xã hội.","Xây dựng chiến lược chuyển đổi khách truy cập thành khách hàng qua website và mạng xã hội.","Tăng cường sử dụng chỉ một kênh tiếp thị duy nhất.","Tập trung vào việc giảm chi phí quảng cáo trên mọi nền tảng.","Bỏ qua các chiến lược marketing số và dựa vào quảng cáo truyền thống."
"9","3","single","Khi xây dựng kế hoạch kinh doanh TMĐT, bạn muốn tăng cường khả năng cạnh tranh. Bạn sẽ lựa chọn chiến lược nào để doanh nghiệp của mình có thể khác biệt so với đối thủ?","A","Đầu tư vào công nghệ mới như Al và Big Data để tối ưu hóa quy trình và trải nghiệm khách hàng.","Đầu tư vào công nghệ mới như Al và Big Data để tối ưu hóa quy trình và trải nghiệm khách hàng.","Tăng cường quảng cáo truyền thống và giữ nguyên sản phẩm hiện tại.","Tập trung hoàn toàn vào việc bán sản phẩm qua cửa hàng vật lý.","Giảm giá sản phẩm để thu hút khách hàng mà không thay đổi gì trong chiến lược."
"9","4","single","Quy trình xây dựng kế hoạch kinh doanh gồm mấy bước?","D","4","1","2","3","4"
"9","5","single","Khi xây dựng kế hoạch kinh doanh, việc xác định mục tiêu rõ ràng giúp doanh nghiệp đạt được những lợi ích nào sau đây?","D","Tập trung nguồn lực và đánh giá hiệu quả hoạt động.","Tạo ra sự cạnh tranh và tăng trưởng nhanh chóng mà không cần kế hoạch rõ ràng.","Chỉ tập trung vào một mục tiêu duy nhất mà không cần phân bổ nguồn lực.","Giảm thiểu chi phí và tối ưu hóa quảng cáo trực tuyến.","Tập trung nguồn lực và đánh giá hiệu quả hoạt động."
"9","6","single","Tại sao việc phân tích thị trường là bước quan trọng trong lập kế hoạch kinh doanh?","A","Nó giúp hiểu rõ về quy mô, nhu cầu và xu hướng thị trường, từ đó đưa ra chiến lược phù hợp.","Nó giúp hiểu rõ về quy mô, nhu cầu và xu hướng thị trường, từ đó đưa ra chiến lược phù hợp.","Nó giúp xác định các đối thủ cạnh tranh chính và giá trị sản phẩm.","Nó giúp chỉ tập trung vào sản phẩm và giá cả mà không cần quan tâm đến nhu cầu khách hàng.","Nó chỉ giúp phân tích điểm mạnh và điểm yếu của doanh nghiệp."
"9","7","single","Khi phân tích đối thủ cạnh tranh trong kế hoạch kinh doanh, doanh nghiệp cần xác định yếu tố nào sau đây?","B","Điểm mạnh, điểm yếu của đối thủ cạnh tranh.","Quy mô thị trường và nhu cầu của khách hàng.","Điểm mạnh, điểm yếu của đối thủ cạnh tranh.","Tài chính của doanh nghiệp đối thủ.","Chỉ sản phẩm của đối thủ và giá cả của họ."
"9","8","single","Khi lựa chọn sản phẩm/dịch vụ trong chiến lược kinh doanh TMĐT, doanh nghiệp cần phải làm gì?","C","Xác định sản phẩm/dịch vụ phù hợp với nhu cầu của khách hàng mục tiêu.","Chọn sản phẩm dựa trên giá thành thấp nhất.","Chọn sản phẩm có số lượng lớn nhất.","Xác định sản phẩm/dịch vụ phù hợp với nhu cầu của khách hàng mục tiêu.","Đảm bảo sản phẩm có sự độc đáo về kiểu dáng."
"9","9","single","Bạn là giám đốc điều hành của một doanh nghiệp TMĐT nhỏ. Bạn muốn mở rộng thị trường sang 3 tỉnh/thành phố mới trong năm tới và đồng thời tăng doanh thu lên 20%. Bạn sẽ làm gì để xây dựng kế hoạch kinh doanh cho mục tiêu này?","C","Xác định mục tiêu cụ thể, phân tích thị trường và đối thủ, lựa chọn chiến lược kinh doanh phù hợp.","Chỉ thực hiện chiến lược marketing mà không cần phân tích tình hình hiện tại.","Tập trung vào việc tăng sản phẩm và giảm giá bán.","Xác định mục tiêu cụ thể, phân tích thị trường và đối thủ, lựa chọn chiến lược kinh doanh phù hợp.","Để công ty hoạt động mà không cần thay đổi kế hoạch, chỉ tập trung vào doanh thu."
"9","10","single","Lưu ý cần thiết trong việc xác định khách hàng mục tiêu khi xây dựng kế hoạch kinh doanh điện tử là gì?","B","Tất cả các đáp án đúng","Cần phân khúc khách hàng","Tất cả các đáp án đúng","Cần cá nhân hóa trải nghiệm khách hàng","Cần nghiên cứu hành vi mua sắm trực tuyến của khách hàng"
"9","11","single","Lưu ý cần thiết trong việc xác định mô hình kinh doanh phù hợp khi lập kế hoạch kinh doanh TMĐT là?","A","Cần lựa chọn mô hình TMĐT phù hợp","Cần lựa chọn mô hình TMĐT phù hợp","Cần lựa chọn mô hình TMĐT C2C","Cần lựa chọn mô hình TMĐT B2C","Cần lựa chọn mô hình TMĐT G2C"
"9","12","single","Lưu ý cần thiết trong việc xây dựng nền tảng kỹ thuật khi lập kế hoạch kinh doanh TMĐT là?","D","Tất cả các đáp án đúng","Đảm bảo nền tảng kỹ thuật có tích hợp công nghệ bảo mật","Đảm bảo nền tảng kỹ thuật có tốc độ nhanh và dễ dàng điều hướng","Đảm bảo nền tảng kỹ thuật có khả năng hỗ trợ tăng trưởng trong tương lai","Tất cả các đáp án đúng"
"9","13","single","Lưu ý cần thiết trong việc lựa chọn chiến lược tiếp thị kỹ thuật số hiệu quả khi lập kế hoạch kinh doanh TMĐT là?","D","Lựa chọn đa dạng kênh tiếp thị","Không cần đầu tư vào chất lượng nội dung kênh tiếp thị","Không cần theo dõi hiệu quả từng kênh","Không đáp án nào đúng","Lựa chọn đa dạng kênh tiếp thị"
"9","14","single","Kênh phân phối nào sau đây giúp doanh nghiệp tiếp cận khách hàng tiềm năng trong chiến lược kinh doanh TMĐT?","D","Sử dụng kết hợp giữa website TMĐT, các sàn TMĐT và mạng xã hội","Chỉ bán hàng qua các cửa hàng truyền thống","Chỉ bán hàng qua website TMĐT","Chỉ bán hàng qua các sàn TMĐT như Shopee và Lazada","Sử dụng kết hợp giữa website TMĐT, các sàn TMĐT và mạng xã hội"
"9","15","single","Dựa trên kế hoạch kinh doanh TMĐT cho sản phẩm mỹ phẩm, nếu bạn muốn cải thiện doanh thu trong 6 tháng tới, bạn nên làm gì?","C","Tăng doanh thu bằng cách mở rộng thị trường, ra mắt sản phẩm mới và cải thiện chất lượng dịch vụ chăm sóc khách hàng","Chỉ tập trung vào quảng cáo trên các sàn TMĐT mà không cần thay đổi chiến lược marketing","Giảm giá tất cả các sản phẩm và tăng ngân sách cho chiến dịch marketing","Tăng doanh thu bằng cách mở rộng thị trường, ra mắt sản phẩm mới và cải thiện chất lượng dịch vụ chăm sóc khách hàng","Cắt giảm chi phí marketing và giảm số lượng sản phẩm bán ra"
"9","16","single","Lợi ích của kế hoạch kinh doanh TMĐT trong việc thu hút nhà đầu tư và đối tác là gì?","C","Tạo ra tài liệu chuyên nghiệp và tăng niềm tin vào lộ trình khả thi.","Mở rộng các kênh bán hàng mà không cần kế hoạch cụ thể.","Đảm bảo lợi nhuận ngay lập tức từ các giao dịch trực tuyến.","Tạo ra tài liệu chuyên nghiệp và tăng niềm tin vào lộ trình khả thi.","Tăng cường quảng cáo giảm giá sản phẩm"
"9","17","single","Kế hoạch kinh doanh TMĐT giúp doanh nghiệp quản lý nguồn lực hiệu quả thông qua việc nào?","A","Tối ưu hóa tài chính và lựa chọn công cụ công nghệ phù hợp.","Tối ưu hóa tài chính và lựa chọn công cụ công nghệ phù hợp.","Tăng chi phí sản xuất để mở rộng quy mô nhanh chóng.","Giảm ngân sách marketing để tiết kiệm chi phí.","Phân bố nguồn lực đều cho tất cả các bộ phận mà không xem xét nhu cầu thực tế."
"9","18","single","Mục tiêu của kế hoạch kinh doanh trong TMĐT giúp doanh nghiệp?","C","Đo lường hiệu quả hoạt động và tạo động lực cho nhân viên.","Tập trung vào phát triển sản phẩm mà không cần quan tâm đến thị trường.","Tạo ra sự phân phối lợi nhuận ngay lập tức.","Đo lường hiệu quả hoạt động và tạo động lực cho nhân viên.","Đảm bảo rằng chỉ có chiến lược tiếp thị sẽ được triển khai."
"9","19","single","Trong chiến lược giá, doanh nghiệp cần xác định điều gì để đảm bảo sự thành công của chiến lược kinh doanh TMĐT?","D","Đặt giá phản ánh đúng giá trị sản phẩm/dịch vụ và khả năng thanh toán của khách hàng mục tiêu.","Đặt giá thấp hơn giá của đối thủ cạnh tranh.","Đặt giá cố định không thay đổi theo thời gian.","Đặt giá cao nhất trên thị trường để tạo cảm giác giá trị cao.","Đặt giá phản ánh đúng giá trị sản phẩm/dịch vụ và khả năng thanh toán của khách hàng mục tiêu."
"9","20","single","Khi xây dựng chiến lược marketing, tại sao việc xác định ngân sách marketing lại quan trọng?","D","Giúp doanh nghiệp lựa chọn kênh marketing phù hợp với ngân sách.","Giúp đảm bảo đủ nguồn lực tài chính để duy trì hoạt động kinh doanh.","Giúp quyết định giá bán sản phẩm/dịch vụ.","Giúp giảm thiểu chi phí cho toàn bộ kế hoạch kinh doanh.","Giúp doanh nghiệp lựa chọn kênh marketing phù hợp với ngân sách."
"9","21","single","Đâu là những lưu ý cần thiết khi lập kế hoạch kinh doanh điện tử?","A","Cần hiểu rõ khách hàng mục tiêu","Cần hiểu rõ khách hàng mục tiêu","Tất cả các đáp án đúng","Xây dựng nền tảng kỹ thuật mạnh mẽ","Chọn mô hình kinh doanh phù hợp"
"9","22","single","Những điều cần thiết trong việc tuân thủ quy định pháp luật khi lập kế hoạch kinh doanh TMĐT là?","A","Tất cả đều đúng","Tất cả đều đúng","Cần phải đăng ký giấy phép kinh doanh","Cần xây dựng chính sách bán hàng, bảo mật, và hoàn trả rõ ràng.","Cần tuân thủ các quy định như Luật an ninh mạng"
"9","23","single","Một trong những lợi ích của kế hoạch kinh doanh TMĐT là gì?","A","Tăng khả năng cạnh tranh và đổi mới trong doanh nghiệp.","Tăng khả năng cạnh tranh và đổi mới trong doanh nghiệp.","Xác định rõ chiến lược sản phẩm và dịch vụ.","Đảm bảo tính duy nhất của sản phẩm.","Giảm bớt sự phụ thuộc vào công nghệ."
"9","24","single","Những lưu ý cần thiết trong quản lý chuỗi cung ứng khi lập kế hoạch kinh doanh TMĐT là?","C","(1) và (2) đúng","Xây dựng quy trình xử lý đổi trả minh bạch, nhưng chậm để nâng cao trải nghiệm khách hàng. (3)","Cần lựa chọn đơn vị vận chuyển uy tín và cung cấp tùy chọn giao hàng nhanh, tiết kiệm. (2)","(1) và (2) đúng","Cần hợp tác với nhà cung cấp đáng tin cậy để đáp ứng nhu cầu của khách hàng. (1)"
"9","25","single","Lưu ý cần thiết trong dự toán tài chính khi lập kế hoạch kinh doanh TMĐT là?","D","Cần đưa ra dự toán tài chính rõ ràng","Cần đưa ra dự toán tài chính nhanh nhất có thể","Tất cả đều đúng","Không đáp án nào đúng","Cần đưa ra dự toán tài chính rõ ràng"
"9","26","single","Tại sao việc lựa chọn kênh TMĐT phân phối lại quan trọng trong chiến lược kinh doanh TMĐT?","B","Đảm bảo sản phẩm được tiếp cận với đúng khách hàng mục tiêu qua các kênh phù hợp.","Tạo ra sự cạnh tranh với các doanh nghiệp đối thủ.","Đảm bảo sản phẩm được tiếp cận với đúng khách hàng mục tiêu qua các kênh phù hợp.","Giúp xác định giá trị của sản phẩm/dịch vụ.","Giúp tiết kiệm chi phí nhân sự cho doanh nghiệp."
"9","27","single","Kế hoạch kinh doanh trong TMĐT khác với kế hoạch kinh doanh truyền thống ở yếu tố nào?","B","Kế hoạch kinh doanh TMĐT sử dụng Digital Marketing thay vì quảng cáo truyền thống.","Kế hoạch kinh doanh TMĐT chỉ tập trung vào giao dịch qua cửa hàng vật lý.","Kế hoạch kinh doanh TMĐT sử dụng Digital Marketing thay vì quảng cáo truyền thống.","Kế hoạch kinh doanh truyền thống không có phương thức bán hàng trực tiếp.","Kế hoạch kinh doanh truyền thống có phạm vi thị trường rộng hơn kế hoạch kinh doanh TMĐT"
"9","28","single","Điểm khác biệt về yếu tố than toán giữa kế hoạch kinh doanh truyền thồng và kế hoạc kinh doanh TMDT là gì?","D","Kế hoạch kinh doanh TMDT sử dụng thanh toán online que thẻ tín dụng và ví điện tử","Kế hoạch kinh doanh TMDT chỉ sử dụng tiền mặt","Kế hoạch kinh doanh truyền thống không có phương thức thanh toán","Kế hoạch kinh doanh truyền thống sử dụng thanh toán online, trong khi TMDT sử dụng tiền mặt","Kế hoạch kinh doanh TMDT sử dụng thanh toán online que thẻ tín dụng và ví điện tử"
"9","29","single","Tại sao phân tích thị trường là một bước quan trọng trong kế hoạch kinh doanh TMĐT?","A","Vì nó giúp doanh nghiệp xác định đối tượng khách hàng, xu hướng và nhu cầu thị trường.","Vì nó giúp doanh nghiệp xác định đối tượng khách hàng, xu hướng và nhu cầu thị trường.","Vì nó chỉ tập trung vào việc phân tích đối thủ cạnh tranh mà không cần quan tâm đến khách hàng.","Vì nó giúp doanh nghiệp cắt giảm hoàn toàn chi phí nghiên cứu và phát triển sản phẩm.","Vì nó chỉ quan trọng đối với các công ty lớn, không áp dụng cho doanh nghiệp nhỏ."
"9","30","single","Trong kế hoạch kinh doanh TMĐT, tại sao việc lựa chọn mô hình doanh thu phù hợp lại quan trọng?","A","Vì nó giúp doanh nghiệp xác định cách tạo ra lợi nhuận một cách hiệu quả.","Vì nó giúp doanh nghiệp xác định cách tạo ra lợi nhuận một cách hiệu quả.","Vì doanh nghiệp có thể chỉ cần tập trung vào việc thu hút lượt truy cập mà không cần lo lắng về doanh thu.","Vì nó giúp doanh nghiệp giảm thiểu tối đa chi phí vận hành mà không ảnh hưởng đến lợi nhuận.","Vì mô hình doanh thu không ảnh hưởng đến thành công của doanh nghiệp TMĐT."
